,Date,Close
0,1999-05-05,69.125
1,1999-05-06,67.9375
2,1999-05-07,74.125
3,1999-05-10,70.6875
4,1999-05-11,70.625
5,1999-05-12,73.5
6,1999-05-13,73.1875
7,1999-05-14,70.1875
8,1999-05-17,68.625
9,1999-05-18,68.625
10,1999-05-19,69.3125
11,1999-05-20,68.375
12,1999-05-21,67.5
13,1999-05-24,65.3125
14,1999-05-25,64.5
15,1999-05-26,66.0625
16,1999-05-27,67.75
17,1999-05-28,67.9375
18,1999-06-01,64.1875
19,1999-06-02,63.25
20,1999-06-03,63.625
21,1999-06-04,65.375
22,1999-06-07,65.9375
23,1999-06-08,63.75
24,1999-06-09,65.5
25,1999-06-10,63.375
26,1999-06-11,63.25
27,1999-06-14,61.25
28,1999-06-15,62.75
29,1999-06-16,65.25
30,1999-06-17,65.0
31,1999-06-18,64.8125
32,1999-06-21,69.5
33,1999-06-22,68.0
34,1999-06-23,65.0
35,1999-06-24,65.0625
36,1999-06-25,66.25
37,1999-06-28,66.5625
38,1999-06-29,67.75
39,1999-06-30,72.25
40,1999-07-01,70.8125
41,1999-07-02,70.9375
42,1999-07-06,70.5
43,1999-07-07,68.0
44,1999-07-08,67.25
45,1999-07-09,67.25
46,1999-07-12,68.375
47,1999-07-13,67.875
48,1999-07-14,67.625
49,1999-07-15,67.9375
50,1999-07-16,68.0625
51,1999-07-19,69.4375
52,1999-07-20,68.125
53,1999-07-21,67.875
54,1999-07-22,66.5
55,1999-07-23,64.0625
56,1999-07-26,63.25
57,1999-07-27,65.5
58,1999-07-28,66.0625
59,1999-07-29,65.0
60,1999-07-30,64.3125
61,1999-08-02,62.8125
62,1999-08-03,60.8125
63,1999-08-04,60.0
64,1999-08-05,59.25
65,1999-08-06,56.25
66,1999-08-09,55.8125
67,1999-08-10,57.0
68,1999-08-11,61.5
69,1999-08-12,60.6875
70,1999-08-13,63.125
71,1999-08-16,62.875
72,1999-08-17,63.0
73,1999-08-18,62.3125
74,1999-08-19,61.5625
75,1999-08-20,62.3125
76,1999-08-23,63.625
77,1999-08-24,63.4375
78,1999-08-25,64.0
79,1999-08-26,62.75
80,1999-08-27,61.5625
81,1999-08-30,59.3125
82,1999-08-31,59.8125
83,1999-09-01,60.3125
84,1999-09-02,59.25
85,1999-09-03,63.125
86,1999-09-07,62.5
87,1999-09-08,62.5625
88,1999-09-09,61.75
89,1999-09-10,63.09375
90,1999-09-13,62.125
91,1999-09-14,59.375
92,1999-09-15,58.3125
93,1999-09-16,57.6875
94,1999-09-17,60.0625
95,1999-09-20,60.75
96,1999-09-21,59.125
97,1999-09-22,61.3125
98,1999-09-23,60.8125
99,1999-09-24,61.9375
100,1999-09-27,61.5625
101,1999-09-28,62.25
102,1999-09-29,61.4375
103,1999-09-30,61.0
104,1999-10-01,59.1875
105,1999-10-04,61.6875
106,1999-10-05,62.25
107,1999-10-06,64.0
108,1999-10-07,63.1875
109,1999-10-08,63.9375
110,1999-10-11,63.6875
111,1999-10-12,62.9375
112,1999-10-13,61.0
113,1999-10-14,62.0
114,1999-10-15,59.75
115,1999-10-18,59.25
116,1999-10-19,60.375
117,1999-10-20,61.75
118,1999-10-21,61.8125
119,1999-10-22,65.5
120,1999-10-25,64.0
121,1999-10-26,61.8125
122,1999-10-27,64.375
123,1999-10-28,72.0
124,1999-10-29,71.0
125,1999-11-01,69.375
126,1999-11-02,69.75
127,1999-11-03,68.75
128,1999-11-04,70.125
129,1999-11-05,73.6875
130,1999-11-08,73.0
131,1999-11-09,71.875
132,1999-11-10,71.9375
133,1999-11-11,73.3125
134,1999-11-12,79.75
135,1999-11-15,78.0
136,1999-11-16,82.8125
137,1999-11-17,79.5625
138,1999-11-18,80.1875
139,1999-11-19,79.9375
140,1999-11-22,79.6875
141,1999-11-23,77.75
142,1999-11-24,77.125
143,1999-11-26,77.3125
144,1999-11-29,74.5
145,1999-11-30,75.125
146,1999-12-01,76.1875
147,1999-12-02,77.5
148,1999-12-03,79.0625
149,1999-12-06,77.0
150,1999-12-07,80.9375
151,1999-12-08,80.0
152,1999-12-09,80.0
153,1999-12-10,82.0
154,1999-12-13,82.0625
155,1999-12-14,78.75
156,1999-12-15,79.4375
157,1999-12-16,78.5625
158,1999-12-17,80.1875
159,1999-12-20,81.875
160,1999-12-21,80.9375
161,1999-12-22,79.6875
162,1999-12-23,81.0
163,1999-12-27,82.0625
164,1999-12-28,85.0
165,1999-12-29,88.0
166,1999-12-30,92.1875
167,1999-12-31,94.1875
168,2000-01-03,88.3125
169,2000-01-04,82.75
170,2000-01-05,78.875
171,2000-01-06,82.25
172,2000-01-07,82.5625
173,2000-01-10,84.375
174,2000-01-11,84.8125
175,2000-01-12,84.375
176,2000-01-13,84.5
177,2000-01-14,85.625
178,2000-01-18,86.875
179,2000-01-19,87.5625
180,2000-01-20,85.9375
181,2000-01-21,85.6875
182,2000-01-24,81.75
183,2000-01-25,83.875
184,2000-01-26,88.25
185,2000-01-27,89.0
186,2000-01-28,87.0
187,2000-01-31,91.625
188,2000-02-01,91.25
189,2000-02-02,91.125
190,2000-02-03,85.375
191,2000-02-04,84.6875
192,2000-02-07,85.75
193,2000-02-08,89.4375
194,2000-02-09,86.75
195,2000-02-10,86.625
196,2000-02-11,85.125
197,2000-02-14,86.5
198,2000-02-15,86.5
199,2000-02-16,82.9375
200,2000-02-17,82.125
201,2000-02-18,80.8125
202,2000-02-22,81.5625
203,2000-02-23,85.75
204,2000-02-24,89.625
205,2000-02-25,89.25
206,2000-02-28,88.0
207,2000-02-29,92.5
208,2000-03-01,94.75
209,2000-03-02,96.25
210,2000-03-03,102.5
211,2000-03-06,103.6875
212,2000-03-07,104.875
213,2000-03-08,101.75
214,2000-03-09,107.1875
215,2000-03-10,112.25
216,2000-03-13,110.375
217,2000-03-14,104.75
218,2000-03-15,103.5625
219,2000-03-16,103.3125
220,2000-03-17,116.5
221,2000-03-20,113.4375
222,2000-03-21,118.25
223,2000-03-22,117.15625
224,2000-03-23,119.0
225,2000-03-24,121.3125
226,2000-03-27,112.0
227,2000-03-28,113.25
228,2000-03-29,114.1875
229,2000-03-30,106.875
230,2000-03-31,105.25
231,2000-04-03,105.5
232,2000-04-04,98.25
233,2000-04-05,97.4375
234,2000-04-06,106.0
235,2000-04-07,102.5
236,2000-04-10,107.0625
237,2000-04-11,104.8125
238,2000-04-12,96.5625
239,2000-04-13,95.25
240,2000-04-14,82.75
241,2000-04-17,87.5
242,2000-04-18,93.75
243,2000-04-19,92.0625
244,2000-04-20,88.8125
245,2000-04-24,86.875
246,2000-04-25,97.0625
247,2000-04-26,94.5
248,2000-04-27,95.1875
249,2000-04-28,93.25
250,2000-05-01,97.0
251,2000-05-02,93.0
252,2000-05-03,91.125
253,2000-05-04,90.1875
254,2000-05-05,89.875
255,2000-05-08,87.3125
256,2000-05-09,85.625
257,2000-05-10,81.4375
258,2000-05-11,80.875
259,2000-05-12,83.78125
260,2000-05-15,87.0625
261,2000-05-16,85.5
262,2000-05-17,84.6875
263,2000-05-18,85.25
264,2000-05-19,84.5625
265,2000-05-22,82.0
266,2000-05-23,82.8125
267,2000-05-24,80.0
268,2000-05-25,73.0
269,2000-05-26,69.8125
270,2000-05-30,72.0
271,2000-05-31,73.5625
272,2000-06-01,76.375
273,2000-06-02,86.875
274,2000-06-05,84.5
275,2000-06-06,83.125
276,2000-06-07,86.6875
277,2000-06-08,85.0625
278,2000-06-09,83.25
279,2000-06-12,83.3125
280,2000-06-13,85.125
281,2000-06-14,89.9375
282,2000-06-15,90.25
283,2000-06-16,89.9375
284,2000-06-19,91.625
285,2000-06-20,89.0
286,2000-06-21,86.625
287,2000-06-22,84.25
288,2000-06-23,86.0
289,2000-06-26,87.75
290,2000-06-27,88.3125
291,2000-06-28,89.875
292,2000-06-29,92.625
293,2000-06-30,94.78125
294,2000-07-03,94.9375
295,2000-07-05,95.9375
296,2000-07-06,93.1875
297,2000-07-07,94.9375
298,2000-07-10,97.6875
299,2000-07-11,98.5
300,2000-07-12,101.9375
301,2000-07-13,104.25
302,2000-07-14,104.1875
303,2000-07-17,100.0
304,2000-07-18,103.875
305,2000-07-19,100.75
306,2000-07-20,103.6875
307,2000-07-21,104.25
308,2000-07-24,105.375
309,2000-07-25,106.0
310,2000-07-26,105.9375
311,2000-07-27,100.0
312,2000-07-28,98.5
313,2000-07-31,98.6875
314,2000-08-01,100.625
315,2000-08-02,102.125
316,2000-08-03,105.625
317,2000-08-04,111.25
318,2000-08-07,114.0625
319,2000-08-08,113.0
320,2000-08-09,114.9375
321,2000-08-10,112.0
322,2000-08-11,119.875
323,2000-08-14,120.75
324,2000-08-15,118.1875
325,2000-08-16,113.0
326,2000-08-17,118.625
327,2000-08-18,117.0
328,2000-08-21,117.8125
329,2000-08-22,119.875
330,2000-08-23,119.0
331,2000-08-24,118.25
332,2000-08-25,119.375
333,2000-08-28,122.4375
334,2000-08-29,127.4375
335,2000-08-30,123.6875
336,2000-08-31,129.5
337,2000-09-01,129.625
338,2000-09-05,128.8125
339,2000-09-06,128.125
340,2000-09-07,128.6875
341,2000-09-08,124.25
342,2000-09-11,132.0
343,2000-09-12,131.3125
344,2000-09-13,128.5
345,2000-09-14,129.0
346,2000-09-15,124.875
347,2000-09-18,118.5625
348,2000-09-19,119.9375
349,2000-09-20,118.0
350,2000-09-21,113.25
351,2000-09-22,114.875
352,2000-09-25,116.5
353,2000-09-26,110.875
354,2000-09-27,107.0625
355,2000-09-28,113.0
356,2000-09-29,114.0625
357,2000-10-02,115.375
358,2000-10-03,113.875
359,2000-10-04,109.4375
360,2000-10-05,114.875
361,2000-10-06,108.875
362,2000-10-09,105.25
363,2000-10-10,102.6875
364,2000-10-11,104.0
365,2000-10-12,94.3125
366,2000-10-13,101.5
367,2000-10-16,103.625
368,2000-10-17,99.25
369,2000-10-18,98.0
370,2000-10-19,100.5625
371,2000-10-20,104.9375
372,2000-10-23,102.4375
373,2000-10-24,101.125
374,2000-10-25,96.1875
375,2000-10-26,92.9375
376,2000-10-27,93.0
377,2000-10-30,96.5
378,2000-10-31,99.8125
379,2000-11-01,96.6875
380,2000-11-02,99.25
381,2000-11-03,100.4375
382,2000-11-06,96.0625
383,2000-11-07,93.75
384,2000-11-08,92.4375
385,2000-11-09,91.875
386,2000-11-10,89.1875
387,2000-11-13,86.375
388,2000-11-14,88.875
389,2000-11-15,90.0625
390,2000-11-16,91.4375
391,2000-11-17,88.0625
392,2000-11-20,83.0
393,2000-11-21,84.1875
394,2000-11-22,79.9375
395,2000-11-24,81.5
396,2000-11-27,82.5
397,2000-11-28,80.5
398,2000-11-29,82.875
399,2000-11-30,82.125
400,2000-12-01,82.0
401,2000-12-04,81.75
402,2000-12-05,88.75
403,2000-12-06,87.75
404,2000-12-07,85.875
405,2000-12-08,91.875
406,2000-12-11,96.0
407,2000-12-12,92.4375
408,2000-12-13,94.0625
409,2000-12-14,87.4375
410,2000-12-15,86.6875
411,2000-12-18,85.9375
412,2000-12-19,89.375
413,2000-12-20,90.0
414,2000-12-21,93.8125
415,2000-12-22,98.8125
416,2000-12-26,101.8125
417,2000-12-27,101.875
418,2000-12-28,107.125
419,2000-12-29,106.9375
420,2001-01-02,100.25
421,2001-01-03,115.5
422,2001-01-04,112.75
423,2001-01-05,107.875
424,2001-01-08,106.375
425,2001-01-09,104.75
426,2001-01-10,108.5
427,2001-01-11,110.5
428,2001-01-12,108.75
429,2001-01-16,110.0
430,2001-01-17,110.0
431,2001-01-18,107.5
432,2001-01-19,110.9375
433,2001-01-22,113.125
434,2001-01-23,116.0
435,2001-01-24,117.875
436,2001-01-25,113.5625
437,2001-01-26,114.6875
438,2001-01-29,115.910004
439,2001-01-30,118.620003
440,2001-01-31,113.75
441,2001-02-01,118.199997
442,2001-02-02,113.959999
443,2001-02-05,112.099998
444,2001-02-06,108.949997
445,2001-02-07,105.199997
446,2001-02-08,105.949997
447,2001-02-09,107.75
448,2001-02-12,109.5
449,2001-02-13,105.900002
450,2001-02-14,104.25
451,2001-02-15,107.199997
452,2001-02-16,101.5
453,2001-02-20,96.0
454,2001-02-21,94.400002
455,2001-02-22,97.199997
456,2001-02-23,96.040001
457,2001-02-26,98.300003
458,2001-02-27,98.339996
459,2001-02-28,91.75
460,2001-03-01,91.610001
461,2001-03-02,91.400002
462,2001-03-05,92.150002
463,2001-03-06,95.349998
464,2001-03-07,94.949997
465,2001-03-08,91.75
466,2001-03-09,87.0
467,2001-03-12,82.489998
468,2001-03-13,87.510002
469,2001-03-14,83.910004
470,2001-03-15,87.949997
471,2001-03-16,87.550003
472,2001-03-19,90.940002
473,2001-03-20,87.059998
474,2001-03-21,85.0
475,2001-03-22,85.910004
476,2001-03-23,89.809998
477,2001-03-26,89.239998
478,2001-03-27,93.5
479,2001-03-28,87.25
480,2001-03-29,88.099998
481,2001-03-30,85.099998
482,2001-04-02,84.160004
483,2001-04-03,81.309998
484,2001-04-04,77.529999
485,2001-04-05,86.0
486,2001-04-06,84.199997
487,2001-04-09,84.0
488,2001-04-10,87.809998
489,2001-04-11,91.300003
490,2001-04-12,94.0
491,2001-04-16,91.779999
492,2001-04-17,93.099998
493,2001-04-18,99.650002
494,2001-04-19,97.690002
495,2001-04-20,95.660004
496,2001-04-23,92.959999
497,2001-04-24,91.400002
498,2001-04-25,92.82
499,2001-04-26,92.489998
500,2001-04-27,92.940002
501,2001-04-30,91.099998
502,2001-05-01,92.650002
503,2001-05-02,98.0
504,2001-05-03,96.0
505,2001-05-04,97.199997
506,2001-05-07,96.010002
507,2001-05-08,95.25
508,2001-05-09,94.660004
509,2001-05-10,94.510002
510,2001-05-11,92.849998
511,2001-05-14,94.099998
512,2001-05-15,94.849998
513,2001-05-16,99.949997
514,2001-05-17,97.949997
515,2001-05-18,97.25
516,2001-05-21,101.900002
517,2001-05-22,103.290001
518,2001-05-23,99.300003
519,2001-05-24,99.849998
520,2001-05-25,97.959999
521,2001-05-29,96.879997
522,2001-05-30,94.760002
523,2001-05-31,95.099998
524,2001-06-01,96.699997
525,2001-06-04,96.510002
526,2001-06-05,97.349998
527,2001-06-06,95.540001
528,2001-06-07,96.900002
529,2001-06-08,95.360001
530,2001-06-11,92.010002
531,2001-06-12,91.860001
532,2001-06-13,89.160004
533,2001-06-14,87.010002
534,2001-06-15,89.290001
535,2001-06-18,88.650002
536,2001-06-19,88.18
537,2001-06-20,88.400002
538,2001-06-21,93.0
539,2001-06-22,92.099998
540,2001-06-25,90.949997
541,2001-06-26,90.300003
542,2001-06-27,87.5
543,2001-06-28,86.599998
544,2001-06-29,85.800003
545,2001-07-02,84.599998
546,2001-07-03,84.0
547,2001-07-05,84.0
548,2001-07-06,83.099998
549,2001-07-09,81.910004
550,2001-07-10,81.599998
551,2001-07-11,81.599998
552,2001-07-12,86.550003
553,2001-07-13,86.150002
554,2001-07-16,83.400002
555,2001-07-17,85.849998
556,2001-07-18,84.0
557,2001-07-19,83.0
558,2001-07-20,82.949997
559,2001-07-23,81.739998
560,2001-07-24,81.849998
561,2001-07-25,83.199997
562,2001-07-26,84.639999
563,2001-07-27,84.82
564,2001-07-30,82.690002
565,2001-07-31,83.160004
566,2001-08-01,85.349998
567,2001-08-02,86.300003
568,2001-08-03,85.5
569,2001-08-06,83.949997
570,2001-08-07,83.540001
571,2001-08-08,81.800003
572,2001-08-09,80.050003
573,2001-08-10,80.800003
574,2001-08-13,82.199997
575,2001-08-14,81.300003
576,2001-08-15,81.849998
577,2001-08-16,81.099998
578,2001-08-17,77.25
579,2001-08-20,77.839996
580,2001-08-21,75.400002
581,2001-08-22,77.5
582,2001-08-23,77.699997
583,2001-08-24,81.300003
584,2001-08-27,81.900002
585,2001-08-28,81.050003
586,2001-08-29,80.800003
587,2001-08-30,79.610001
588,2001-08-31,80.099998
589,2001-09-04,79.620003
590,2001-09-05,78.550003
591,2001-09-06,77.099998
592,2001-09-07,74.480003
593,2001-09-10,76.199997
594,2001-09-17,69.400002
595,2001-09-18,67.5
596,2001-09-19,67.510002
597,2001-09-20,65.75
598,2001-09-21,67.690002
599,2001-09-24,70.510002
600,2001-09-25,70.029999
601,2001-09-26,69.849998
602,2001-09-27,68.900002
603,2001-09-28,71.349998
604,2001-10-01,73.5
605,2001-10-02,73.599998
606,2001-10-03,76.690002
607,2001-10-04,79.0
608,2001-10-05,76.25
609,2001-10-08,75.300003
610,2001-10-09,77.93
611,2001-10-10,80.709999
612,2001-10-11,83.849998
613,2001-10-12,82.800003
614,2001-10-15,84.400002
615,2001-10-16,84.25
616,2001-10-17,82.07
617,2001-10-18,81.410004
618,2001-10-19,79.75
619,2001-10-22,81.599998
620,2001-10-23,81.599998
621,2001-10-24,80.5
622,2001-10-25,81.400002
623,2001-10-26,83.120003
624,2001-10-29,80.849998
625,2001-10-30,80.050003
626,2001-10-31,78.160004
627,2001-11-01,80.699997
628,2001-11-02,82.25
629,2001-11-05,84.709999
630,2001-11-06,86.5
631,2001-11-07,87.5
632,2001-11-08,86.699997
633,2001-11-09,86.860001
634,2001-11-12,88.099998
635,2001-11-13,91.050003
636,2001-11-14,91.5
637,2001-11-15,88.699997
638,2001-11-16,87.75
639,2001-11-19,90.550003
640,2001-11-20,89.75
641,2001-11-21,88.150002
642,2001-11-23,90.150002
643,2001-11-26,91.440002
644,2001-11-27,90.0
645,2001-11-28,86.809998
646,2001-11-29,89.349998
647,2001-11-30,89.0
648,2001-12-03,86.010002
649,2001-12-04,87.16999799999999
650,2001-12-05,92.400002
651,2001-12-06,93.900002
652,2001-12-07,91.610001
653,2001-12-10,91.349998
654,2001-12-11,91.82
655,2001-12-12,92.730003
656,2001-12-13,91.0
657,2001-12-14,89.660004
658,2001-12-17,89.139999
659,2001-12-18,90.800003
660,2001-12-19,94.410004
661,2001-12-20,92.309998
662,2001-12-21,92.309998
663,2001-12-24,92.470001
664,2001-12-26,92.800003
665,2001-12-27,92.120003
666,2001-12-28,93.269997
667,2001-12-31,92.75
668,2002-01-02,91.07
669,2002-01-03,92.449997
670,2002-01-04,96.75
671,2002-01-07,95.75
672,2002-01-08,92.5
673,2002-01-09,93.75
674,2002-01-10,93.0
675,2002-01-11,91.150002
676,2002-01-14,89.970001
677,2002-01-15,89.900002
678,2002-01-16,88.629997
679,2002-01-17,89.860001
680,2002-01-18,89.209999
681,2002-01-22,86.980003
682,2002-01-23,87.25
683,2002-01-24,85.5
684,2002-01-25,87.300003
685,2002-01-28,87.849998
686,2002-01-29,84.480003
687,2002-01-30,86.0
688,2002-01-31,86.980003
689,2002-02-01,85.400002
690,2002-02-04,82.5
691,2002-02-05,81.040001
692,2002-02-06,81.900002
693,2002-02-07,81.110001
694,2002-02-08,83.800003
695,2002-02-11,84.849998
696,2002-02-12,83.5
697,2002-02-13,84.58000200000001
698,2002-02-14,85.110001
699,2002-02-15,82.760002
700,2002-02-19,78.519997
701,2002-02-20,80.599998
702,2002-02-21,79.470001
703,2002-02-22,79.0
704,2002-02-25,81.959999
705,2002-02-26,81.400002
706,2002-02-27,80.889999
707,2002-02-28,80.940002
708,2002-03-01,83.470001
709,2002-03-04,89.099998
710,2002-03-05,89.519997
711,2002-03-06,90.870003
712,2002-03-07,89.959999
713,2002-03-08,90.290001
714,2002-03-11,90.699997
715,2002-03-12,89.800003
716,2002-03-13,88.0
717,2002-03-14,88.400002
718,2002-03-15,90.0
719,2002-03-18,89.199997
720,2002-03-19,91.050003
721,2002-03-20,89.849998
722,2002-03-21,90.349998
723,2002-03-22,89.730003
724,2002-03-25,88.029999
725,2002-03-26,88.849998
726,2002-03-27,89.300003
727,2002-03-28,90.25
728,2002-04-01,88.470001
729,2002-04-02,87.529999
730,2002-04-03,86.459999
731,2002-04-04,86.550003
732,2002-04-05,86.150002
733,2002-04-08,86.059998
734,2002-04-09,84.599998
735,2002-04-10,84.489998
736,2002-04-11,81.239998
737,2002-04-12,83.0
738,2002-04-15,81.599998
739,2002-04-16,84.589996
740,2002-04-17,85.050003
741,2002-04-18,84.519997
742,2002-04-19,86.309998
743,2002-04-22,84.099998
744,2002-04-23,81.599998
745,2002-04-24,79.489998
746,2002-04-25,77.209999
747,2002-04-26,79.150002
748,2002-04-29,78.5
749,2002-04-30,78.75
750,2002-05-01,79.209999
751,2002-05-02,80.709999
752,2002-05-03,78.550003
753,2002-05-06,75.160004
754,2002-05-07,74.849998
755,2002-05-08,79.5
756,2002-05-09,78.639999
757,2002-05-10,76.75
758,2002-05-13,78.110001
759,2002-05-14,79.300003
760,2002-05-15,79.459999
761,2002-05-16,80.050003
762,2002-05-17,80.5
763,2002-05-20,80.239998
764,2002-05-21,79.199997
765,2002-05-22,78.199997
766,2002-05-23,79.16999799999999
767,2002-05-24,78.190002
768,2002-05-28,76.900002
769,2002-05-29,76.150002
770,2002-05-30,75.08000200000001
771,2002-05-31,75.449997
772,2002-06-03,73.790001
773,2002-06-04,73.800003
774,2002-06-05,75.75
775,2002-06-06,73.949997
776,2002-06-07,73.949997
777,2002-06-10,74.739998
778,2002-06-11,72.099998
779,2002-06-12,72.5
780,2002-06-13,71.300003
781,2002-06-14,72.849998
782,2002-06-17,75.339996
783,2002-06-18,75.779999
784,2002-06-19,74.449997
785,2002-06-20,72.699997
786,2002-06-21,70.550003
787,2002-06-24,71.449997
788,2002-06-25,71.349998
789,2002-06-26,70.800003
790,2002-06-27,73.0
791,2002-06-28,73.349998
792,2002-07-01,71.139999
793,2002-07-02,70.699997
794,2002-07-03,70.199997
795,2002-07-05,73.949997
796,2002-07-08,73.599998
797,2002-07-09,70.910004
798,2002-07-10,71.550003
799,2002-07-11,73.25
800,2002-07-12,73.150002
801,2002-07-15,72.949997
802,2002-07-16,72.650002
803,2002-07-17,74.480003
804,2002-07-18,75.599998
805,2002-07-19,77.0
806,2002-07-22,72.0
807,2002-07-23,67.730003
808,2002-07-24,70.849998
809,2002-07-25,69.309998
810,2002-07-26,69.58000200000001
811,2002-07-29,72.699997
812,2002-07-30,73.900002
813,2002-07-31,73.150002
814,2002-08-01,71.989998
815,2002-08-02,70.489998
816,2002-08-05,68.050003
817,2002-08-06,69.900002
818,2002-08-07,70.949997
819,2002-08-08,74.300003
820,2002-08-09,75.449997
821,2002-08-12,75.349998
822,2002-08-13,74.790001
823,2002-08-14,78.5
824,2002-08-15,79.550003
825,2002-08-16,79.529999
826,2002-08-19,81.5
827,2002-08-20,80.510002
828,2002-08-21,79.879997
829,2002-08-22,79.910004
830,2002-08-23,78.300003
831,2002-08-26,79.75
832,2002-08-27,79.099998
833,2002-08-28,77.08000200000001
834,2002-08-29,77.379997
835,2002-08-30,77.300003
836,2002-09-03,73.75
837,2002-09-04,75.5
838,2002-09-05,72.889999
839,2002-09-06,72.339996
840,2002-09-09,74.300003
841,2002-09-10,73.410004
842,2002-09-11,73.690002
843,2002-09-12,72.199997
844,2002-09-13,73.0
845,2002-09-16,72.599998
846,2002-09-17,70.870003
847,2002-09-18,70.410004
848,2002-09-19,67.150002
849,2002-09-20,67.360001
850,2002-09-23,65.66999799999999
851,2002-09-24,66.309998
852,2002-09-25,67.449997
853,2002-09-26,68.040001
854,2002-09-27,66.129997
855,2002-09-30,66.029999
856,2002-10-01,68.449997
857,2002-10-02,65.550003
858,2002-10-03,62.900002
859,2002-10-04,62.049999
860,2002-10-07,59.529999
861,2002-10-08,61.599998
862,2002-10-09,59.279999
863,2002-10-10,61.080002
864,2002-10-11,64.199997
865,2002-10-14,65.300003
866,2002-10-15,70.0
867,2002-10-16,68.0
868,2002-10-17,72.480003
869,2002-10-18,70.550003
870,2002-10-21,74.699997
871,2002-10-22,72.5
872,2002-10-23,74.269997
873,2002-10-24,72.5
874,2002-10-25,73.989998
875,2002-10-28,73.58000200000001
876,2002-10-29,72.370003
877,2002-10-30,72.360001
878,2002-10-31,71.599998
879,2002-11-01,73.449997
880,2002-11-04,75.959999
881,2002-11-05,76.739998
882,2002-11-06,76.550003
883,2002-11-07,74.050003
884,2002-11-08,73.08000200000001
885,2002-11-11,71.779999
886,2002-11-12,72.07
887,2002-11-13,72.489998
888,2002-11-14,74.989998
889,2002-11-15,75.25
890,2002-11-18,75.41999799999999
891,2002-11-19,75.08000200000001
892,2002-11-20,77.410004
893,2002-11-21,79.949997
894,2002-11-22,79.110001
895,2002-11-25,79.0
896,2002-11-26,76.83000200000001
897,2002-11-27,79.639999
898,2002-11-29,78.870003
899,2002-12-02,78.779999
900,2002-12-03,78.5
901,2002-12-04,76.349998
902,2002-12-05,74.449997
903,2002-12-06,74.5
904,2002-12-09,73.449997
905,2002-12-10,74.0
906,2002-12-11,73.470001
907,2002-12-12,74.230003
908,2002-12-13,73.099998
909,2002-12-16,74.529999
910,2002-12-17,74.690002
911,2002-12-18,73.699997
912,2002-12-19,70.300003
913,2002-12-20,71.860001
914,2002-12-23,70.650002
915,2002-12-24,69.370003
916,2002-12-26,69.550003
917,2002-12-27,67.91999799999999
918,2002-12-30,68.139999
919,2002-12-31,68.099998
920,2003-01-02,69.650002
921,2003-01-03,70.379997
922,2003-01-06,73.0
923,2003-01-07,72.699997
924,2003-01-08,70.91999799999999
925,2003-01-09,73.720001
926,2003-01-10,74.91999799999999
927,2003-01-13,74.41999799999999
928,2003-01-14,74.699997
929,2003-01-15,73.510002
930,2003-01-16,73.620003
931,2003-01-17,72.58000200000001
932,2003-01-21,71.0
933,2003-01-22,70.25
934,2003-01-23,71.91999799999999
935,2003-01-24,69.150002
936,2003-01-27,68.400002
937,2003-01-28,69.050003
938,2003-01-29,69.510002
939,2003-01-30,67.400002
940,2003-01-31,68.099998
941,2003-02-03,69.25
942,2003-02-04,67.519997
943,2003-02-05,67.410004
944,2003-02-06,66.650002
945,2003-02-07,65.699997
946,2003-02-10,65.739998
947,2003-02-11,65.050003
948,2003-02-12,64.300003
949,2003-02-13,64.91999799999999
950,2003-02-14,66.699997
951,2003-02-18,68.0
952,2003-02-19,68.230003
953,2003-02-20,67.739998
954,2003-02-21,68.5
955,2003-02-24,66.199997
956,2003-02-25,66.589996
957,2003-02-26,66.480003
958,2003-02-27,67.690002
959,2003-02-28,69.449997
960,2003-03-03,68.019997
961,2003-03-04,65.690002
962,2003-03-05,66.300003
963,2003-03-06,65.599998
964,2003-03-07,66.68
965,2003-03-10,64.339996
966,2003-03-11,62.950001
967,2003-03-12,62.849998
968,2003-03-13,66.779999
969,2003-03-14,66.620003
970,2003-03-17,68.900002
971,2003-03-18,69.58000200000001
972,2003-03-19,70.269997
973,2003-03-20,70.08000200000001
974,2003-03-21,72.099998
975,2003-03-24,69.91999799999999
976,2003-03-25,70.690002
977,2003-03-26,71.050003
978,2003-03-27,70.58000200000001
979,2003-03-28,70.110001
980,2003-03-31,68.08000200000001
981,2003-04-01,69.620003
982,2003-04-02,72.400002
983,2003-04-03,72.349998
984,2003-04-04,72.059998
985,2003-04-07,72.309998
986,2003-04-08,72.699997
987,2003-04-09,71.910004
988,2003-04-10,72.349998
989,2003-04-11,72.41999799999999
990,2003-04-14,74.489998
991,2003-04-15,76.540001
992,2003-04-16,75.199997
993,2003-04-17,76.099998
994,2003-04-21,76.349998
995,2003-04-22,78.33000200000001
996,2003-04-23,78.43
997,2003-04-24,77.349998
998,2003-04-25,75.870003
999,2003-04-28,76.510002
1000,2003-04-29,76.449997
1001,2003-04-30,75.900002
1002,2003-05-01,75.33000200000001
1003,2003-05-02,76.599998
1004,2003-05-05,76.489998
1005,2003-05-06,77.199997
1006,2003-05-07,77.199997
1007,2003-05-08,74.059998
1008,2003-05-09,75.0
1009,2003-05-12,75.489998
1010,2003-05-13,74.949997
1011,2003-05-14,74.949997
1012,2003-05-15,76.099998
1013,2003-05-16,76.699997
1014,2003-05-19,74.349998
1015,2003-05-20,74.449997
1016,2003-05-21,75.099998
1017,2003-05-22,76.029999
1018,2003-05-23,76.150002
1019,2003-05-27,78.480003
1020,2003-05-28,79.900002
1021,2003-05-29,79.589996
1022,2003-05-30,81.5
1023,2003-06-02,83.540001
1024,2003-06-03,83.0
1025,2003-06-04,85.25
1026,2003-06-05,87.300003
1027,2003-06-06,88.699997
1028,2003-06-09,87.540001
1029,2003-06-10,88.699997
1030,2003-06-11,89.739998
1031,2003-06-12,90.349998
1032,2003-06-13,89.16999799999999
1033,2003-06-16,91.5
1034,2003-06-17,91.5
1035,2003-06-18,88.900002
1036,2003-06-19,85.91999799999999
1037,2003-06-20,86.25
1038,2003-06-23,85.279999
1039,2003-06-24,86.599998
1040,2003-06-25,84.779999
1041,2003-06-26,84.150002
1042,2003-06-27,82.379997
1043,2003-06-30,83.75
1044,2003-07-01,85.849998
1045,2003-07-02,85.400002
1046,2003-07-03,84.699997
1047,2003-07-07,87.739998
1048,2003-07-08,88.059998
1049,2003-07-09,88.230003
1050,2003-07-10,86.550003
1051,2003-07-11,87.32
1052,2003-07-14,89.440002
1053,2003-07-15,88.019997
1054,2003-07-16,87.260002
1055,2003-07-17,86.440002
1056,2003-07-18,87.690002
1057,2003-07-21,85.699997
1058,2003-07-22,86.160004
1059,2003-07-23,86.099998
1060,2003-07-24,85.400002
1061,2003-07-25,86.41999799999999
1062,2003-07-28,86.5
1063,2003-07-29,86.83000200000001
1064,2003-07-30,86.949997
1065,2003-07-31,87.139999
1066,2003-08-01,85.099998
1067,2003-08-04,84.650002
1068,2003-08-05,82.900002
1069,2003-08-06,84.050003
1070,2003-08-07,84.75
1071,2003-08-08,85.82
1072,2003-08-11,85.760002
1073,2003-08-12,87.68
1074,2003-08-13,87.400002
1075,2003-08-14,87.949997
1076,2003-08-15,87.760002
1077,2003-08-18,88.269997
1078,2003-08-19,89.029999
1079,2003-08-20,87.699997
1080,2003-08-21,88.099998
1081,2003-08-22,86.989998
1082,2003-08-25,86.730003
1083,2003-08-26,86.510002
1084,2003-08-27,85.970001
1085,2003-08-28,86.860001
1086,2003-08-29,88.489998
1087,2003-09-02,90.449997
1088,2003-09-03,90.82
1089,2003-09-04,91.260002
1090,2003-09-05,90.959999
1091,2003-09-08,91.349998
1092,2003-09-09,91.790001
1093,2003-09-10,89.440002
1094,2003-09-11,89.839996
1095,2003-09-12,90.730003
1096,2003-09-15,89.199997
1097,2003-09-16,90.93
1098,2003-09-17,91.0
1099,2003-09-18,93.25
1100,2003-09-19,93.730003
1101,2003-09-22,92.660004
1102,2003-09-23,89.059998
1103,2003-09-24,85.82
1104,2003-09-25,85.519997
1105,2003-09-26,84.699997
1106,2003-09-29,85.0
1107,2003-09-30,83.900002
1108,2003-10-01,86.0
1109,2003-10-02,85.959999
1110,2003-10-03,86.660004
1111,2003-10-06,86.720001
1112,2003-10-07,86.839996
1113,2003-10-08,86.260002
1114,2003-10-09,87.0
1115,2003-10-10,86.940002
1116,2003-10-13,88.16999799999999
1117,2003-10-14,88.639999
1118,2003-10-15,88.75
1119,2003-10-16,87.989998
1120,2003-10-17,87.16999799999999
1121,2003-10-20,87.010002
1122,2003-10-21,87.620003
1123,2003-10-22,86.470001
1124,2003-10-23,87.0
1125,2003-10-24,85.82
1126,2003-10-27,88.190002
1127,2003-10-28,92.25
1128,2003-10-29,92.650002
1129,2003-10-30,93.43
1130,2003-10-31,93.900002
1131,2003-11-03,96.190002
1132,2003-11-04,95.949997
1133,2003-11-05,95.470001
1134,2003-11-06,96.529999
1135,2003-11-07,96.980003
1136,2003-11-10,96.08000200000001
1137,2003-11-11,96.099998
1138,2003-11-12,96.699997
1139,2003-11-13,96.019997
1140,2003-11-14,93.800003
1141,2003-11-17,94.25
1142,2003-11-18,93.730003
1143,2003-11-19,93.93
1144,2003-11-20,91.760002
1145,2003-11-21,92.970001
1146,2003-11-24,94.91999799999999
1147,2003-11-25,96.25
1148,2003-11-26,96.66999799999999
1149,2003-11-28,96.08000200000001
1150,2003-12-01,97.480003
1151,2003-12-02,97.400002
1152,2003-12-03,99.290001
1153,2003-12-04,98.730003
1154,2003-12-05,98.029999
1155,2003-12-08,98.800003
1156,2003-12-09,98.199997
1157,2003-12-10,97.599998
1158,2003-12-11,98.339996
1159,2003-12-12,99.150002
1160,2003-12-15,97.75
1161,2003-12-16,97.519997
1162,2003-12-17,98.349998
1163,2003-12-18,97.349998
1164,2003-12-19,96.379997
1165,2003-12-22,98.150002
1166,2003-12-23,98.220001
1167,2003-12-24,97.550003
1168,2003-12-26,97.940002
1169,2003-12-29,99.58000200000001
1170,2003-12-30,99.160004
1171,2003-12-31,98.730003
1172,2004-01-02,97.129997
1173,2004-01-05,97.18
1174,2004-01-06,96.599998
1175,2004-01-07,98.629997
1176,2004-01-08,98.75
1177,2004-01-09,97.5
1178,2004-01-12,97.779999
1179,2004-01-13,97.66999799999999
1180,2004-01-14,99.379997
1181,2004-01-15,101.139999
1182,2004-01-16,100.480003
1183,2004-01-20,100.400002
1184,2004-01-21,101.5
1185,2004-01-22,100.68
1186,2004-01-23,99.5
1187,2004-01-26,102.279999
1188,2004-01-27,101.050003
1189,2004-01-28,98.300003
1190,2004-01-29,99.400002
1191,2004-01-30,99.550003
1192,2004-02-02,99.809998
1193,2004-02-03,101.150002
1194,2004-02-04,99.75
1195,2004-02-05,98.839996
1196,2004-02-06,101.339996
1197,2004-02-09,101.870003
1198,2004-02-10,102.18
1199,2004-02-11,107.089996
1200,2004-02-12,107.400002
1201,2004-02-13,105.849998
1202,2004-02-17,106.91999799999999
1203,2004-02-18,106.900002
1204,2004-02-19,105.769997
1205,2004-02-20,106.519997
1206,2004-02-23,106.66999799999999
1207,2004-02-24,104.32
1208,2004-02-25,105.82
1209,2004-02-26,106.290001
1210,2004-02-27,105.870003
1211,2004-03-01,107.349998
1212,2004-03-02,106.400002
1213,2004-03-03,106.510002
1214,2004-03-04,108.519997
1215,2004-03-05,109.050003
1216,2004-03-08,107.349998
1217,2004-03-09,105.760002
1218,2004-03-10,103.550003
1219,2004-03-11,102.989998
1220,2004-03-12,104.93
1221,2004-03-15,102.82
1222,2004-03-16,103.059998
1223,2004-03-17,104.010002
1224,2004-03-18,103.699997
1225,2004-03-19,102.660004
1226,2004-03-22,101.300003
1227,2004-03-23,101.389999
1228,2004-03-24,99.239998
1229,2004-03-25,101.849998
1230,2004-03-26,103.75
1231,2004-03-29,104.220001
1232,2004-03-30,104.260002
1233,2004-03-31,104.349998
1234,2004-04-01,106.0
1235,2004-04-02,105.949997
1236,2004-04-05,105.699997
1237,2004-04-06,105.58000200000001
1238,2004-04-07,105.25
1239,2004-04-08,105.699997
1240,2004-04-12,105.82
1241,2004-04-13,103.120003
1242,2004-04-14,101.410004
1243,2004-04-15,101.730003
1244,2004-04-16,103.360001
1245,2004-04-19,102.480003
1246,2004-04-20,99.910004
1247,2004-04-21,100.0
1248,2004-04-22,101.800003
1249,2004-04-23,100.410004
1250,2004-04-26,101.150002
1251,2004-04-27,100.910004
1252,2004-04-28,98.400002
1253,2004-04-29,98.260002
1254,2004-04-30,96.75
1255,2004-05-03,96.91999799999999
1256,2004-05-04,97.370003
1257,2004-05-05,96.150002
1258,2004-05-06,95.150002
1259,2004-05-07,93.040001
1260,2004-05-10,92.099998
1261,2004-05-11,93.110001
1262,2004-05-12,92.91999799999999
1263,2004-05-13,93.449997
1264,2004-05-14,94.010002
1265,2004-05-17,92.68
1266,2004-05-18,93.309998
1267,2004-05-19,92.68
1268,2004-05-20,92.400002
1269,2004-05-21,91.739998
1270,2004-05-24,91.730003
1271,2004-05-25,93.110001
1272,2004-05-26,93.389999
1273,2004-05-27,93.290001
1274,2004-05-28,93.910004
1275,2004-06-01,93.0
1276,2004-06-02,91.769997
1277,2004-06-03,90.550003
1278,2004-06-04,91.519997
1279,2004-06-07,93.58000200000001
1280,2004-06-08,94.0
1281,2004-06-09,93.0
1282,2004-06-10,93.010002
1283,2004-06-14,91.529999
1284,2004-06-15,90.209999
1285,2004-06-16,89.980003
1286,2004-06-17,89.339996
1287,2004-06-18,89.18
1288,2004-06-21,88.790001
1289,2004-06-22,90.599998
1290,2004-06-23,91.720001
1291,2004-06-24,93.190002
1292,2004-06-25,94.550003
1293,2004-06-28,93.260002
1294,2004-06-29,94.0
1295,2004-06-30,94.160004
1296,2004-07-01,93.650002
1297,2004-07-02,93.610001
1298,2004-07-06,92.199997
1299,2004-07-07,90.57
1300,2004-07-08,90.0
1301,2004-07-09,90.050003
1302,2004-07-12,90.660004
1303,2004-07-13,90.360001
1304,2004-07-14,89.889999
1305,2004-07-15,88.33000200000001
1306,2004-07-16,87.25
1307,2004-07-19,87.5
1308,2004-07-20,89.699997
1309,2004-07-21,87.41999799999999
1310,2004-07-22,87.760002
1311,2004-07-23,87.550003
1312,2004-07-26,87.029999
1313,2004-07-27,88.790001
1314,2004-07-28,88.709999
1315,2004-07-29,89.690002
1316,2004-07-30,88.190002
1317,2004-08-02,88.440002
1318,2004-08-03,87.68
1319,2004-08-04,87.650002
1320,2004-08-05,85.800003
1321,2004-08-06,84.550003
1322,2004-08-09,84.550003
1323,2004-08-10,85.309998
1324,2004-08-11,84.650002
1325,2004-08-12,83.860001
1326,2004-08-13,84.25
1327,2004-08-16,85.82
1328,2004-08-17,86.389999
1329,2004-08-18,87.440002
1330,2004-08-19,86.599998
1331,2004-08-20,87.809998
1332,2004-08-23,87.5
1333,2004-08-24,87.529999
1334,2004-08-25,90.029999
1335,2004-08-26,91.120003
1336,2004-08-27,90.480003
1337,2004-08-30,89.150002
1338,2004-08-31,89.650002
1339,2004-09-01,89.190002
1340,2004-09-02,91.059998
1341,2004-09-03,90.199997
1342,2004-09-07,92.230003
1343,2004-09-08,91.440002
1344,2004-09-09,91.870003
1345,2004-09-10,93.129997
1346,2004-09-13,93.599998
1347,2004-09-14,94.099998
1348,2004-09-15,92.410004
1349,2004-09-16,93.160004
1350,2004-09-17,92.050003
1351,2004-09-20,91.68
1352,2004-09-21,94.900002
1353,2004-09-22,93.389999
1354,2004-09-23,93.07
1355,2004-09-24,93.480003
1356,2004-09-27,92.75
1357,2004-09-28,93.059998
1358,2004-09-29,93.279999
1359,2004-09-30,93.239998
1360,2004-10-01,93.91999799999999
1361,2004-10-04,94.870003
1362,2004-10-05,94.07
1363,2004-10-06,95.529999
1364,2004-10-07,94.849998
1365,2004-10-08,94.239998
1366,2004-10-11,94.139999
1367,2004-10-12,94.589996
1368,2004-10-13,94.720001
1369,2004-10-14,92.93
1370,2004-10-15,94.160004
1371,2004-10-18,94.25
1372,2004-10-19,93.059998
1373,2004-10-20,92.339996
1374,2004-10-21,93.470001
1375,2004-10-22,92.699997
1376,2004-10-25,92.41999799999999
1377,2004-10-26,93.760002
1378,2004-10-27,96.099998
1379,2004-10-28,97.43
1380,2004-10-29,98.379997
1381,2004-11-01,98.32
1382,2004-11-02,98.550003
1383,2004-11-03,99.370003
1384,2004-11-04,100.0
1385,2004-11-05,100.849998
1386,2004-11-08,100.209999
1387,2004-11-09,100.870003
1388,2004-11-10,100.75
1389,2004-11-11,103.0
1390,2004-11-12,104.660004
1391,2004-11-15,104.620003
1392,2004-11-16,103.720001
1393,2004-11-17,104.709999
1394,2004-11-18,104.83000200000001
1395,2004-11-19,103.040001
1396,2004-11-22,103.41999799999999
1397,2004-11-23,103.809998
1398,2004-11-24,105.0
1399,2004-11-26,104.839996
1400,2004-11-29,105.08000200000001
1401,2004-11-30,104.760002
1402,2004-12-01,106.0
1403,2004-12-02,106.599998
1404,2004-12-03,106.470001
1405,2004-12-06,107.16999799999999
1406,2004-12-07,106.089996
1407,2004-12-08,106.68
1408,2004-12-09,107.489998
1409,2004-12-10,109.400002
1410,2004-12-13,110.449997
1411,2004-12-14,109.879997
1412,2004-12-15,109.25
1413,2004-12-16,105.400002
1414,2004-12-17,103.75
1415,2004-12-20,103.790001
1416,2004-12-21,105.010002
1417,2004-12-22,104.400002
1418,2004-12-23,104.349998
1419,2004-12-27,104.199997
1420,2004-12-28,105.150002
1421,2004-12-29,104.650002
1422,2004-12-30,104.91999799999999
1423,2004-12-31,104.040001
1424,2005-01-03,104.949997
1425,2005-01-04,104.269997
1426,2005-01-05,103.800003
1427,2005-01-06,105.230003
1428,2005-01-07,104.779999
1429,2005-01-10,104.980003
1430,2005-01-11,104.16999799999999
1431,2005-01-12,103.269997
1432,2005-01-13,102.940002
1433,2005-01-14,104.220001
1434,2005-01-18,105.0
1435,2005-01-19,104.059998
1436,2005-01-20,103.400002
1437,2005-01-21,103.33000200000001
1438,2005-01-24,103.239998
1439,2005-01-25,102.860001
1440,2005-01-26,103.260002
1441,2005-01-27,104.0
1442,2005-01-28,106.120003
1443,2005-01-31,107.849998
1444,2005-02-01,108.400002
1445,2005-02-02,108.589996
1446,2005-02-03,108.739998
1447,2005-02-04,110.019997
1448,2005-02-07,109.589996
1449,2005-02-08,111.550003
1450,2005-02-09,111.449997
1451,2005-02-10,112.769997
1452,2005-02-11,112.769997
1453,2005-02-14,111.970001
1454,2005-02-15,112.709999
1455,2005-02-16,112.269997
1456,2005-02-17,110.599998
1457,2005-02-18,109.0
1458,2005-02-22,107.860001
1459,2005-02-23,109.110001
1460,2005-02-24,108.5
1461,2005-02-25,110.099998
1462,2005-02-28,108.800003
1463,2005-03-01,110.019997
1464,2005-03-02,109.730003
1465,2005-03-03,109.410004
1466,2005-03-04,111.529999
1467,2005-03-07,112.800003
1468,2005-03-08,112.629997
1469,2005-03-09,110.870003
1470,2005-03-10,111.33000200000001
1471,2005-03-11,109.550003
1472,2005-03-14,110.0
1473,2005-03-15,110.540001
1474,2005-03-16,109.970001
1475,2005-03-17,110.040001
1476,2005-03-18,109.980003
1477,2005-03-21,109.599998
1478,2005-03-22,107.989998
1479,2005-03-23,108.059998
1480,2005-03-24,108.400002
1481,2005-03-28,109.68
1482,2005-03-29,108.449997
1483,2005-03-30,109.800003
1484,2005-03-31,109.989998
1485,2005-04-01,109.300003
1486,2005-04-04,111.0
1487,2005-04-05,110.589996
1488,2005-04-06,112.5
1489,2005-04-07,113.529999
1490,2005-04-08,112.93
1491,2005-04-11,112.089996
1492,2005-04-12,111.760002
1493,2005-04-13,110.010002
1494,2005-04-14,108.489998
1495,2005-04-15,106.489998
1496,2005-04-18,107.349998
1497,2005-04-19,106.690002
1498,2005-04-20,104.33000200000001
1499,2005-04-21,105.110001
1500,2005-04-22,104.190002
1501,2005-04-25,105.739998
1502,2005-04-26,105.720001
1503,2005-04-27,107.760002
1504,2005-04-28,106.230003
1505,2005-04-29,106.790001
1506,2005-05-02,104.459999
1507,2005-05-03,104.370003
1508,2005-05-04,106.269997
1509,2005-05-05,105.300003
1510,2005-05-06,104.68
1511,2005-05-09,105.5
1512,2005-05-10,102.110001
1513,2005-05-11,103.75
1514,2005-05-12,100.220001
1515,2005-05-13,97.82
1516,2005-05-16,98.41999799999999
1517,2005-05-17,98.349998
1518,2005-05-18,99.58000200000001
1519,2005-05-19,100.120003
1520,2005-05-20,101.08000200000001
1521,2005-05-23,100.690002
1522,2005-05-24,99.58000200000001
1523,2005-05-25,97.25
1524,2005-05-26,96.599998
1525,2005-05-27,95.5
1526,2005-05-31,97.5
1527,2005-06-01,98.639999
1528,2005-06-02,97.66999799999999
1529,2005-06-03,97.300003
1530,2005-06-06,98.41999799999999
1531,2005-06-07,98.400002
1532,2005-06-08,98.349998
1533,2005-06-09,99.949997
1534,2005-06-10,99.050003
1535,2005-06-13,99.260002
1536,2005-06-14,98.300003
1537,2005-06-15,99.190002
1538,2005-06-16,102.650002
1539,2005-06-17,103.800003
1540,2005-06-20,103.25
1541,2005-06-21,102.639999
1542,2005-06-22,102.470001
1543,2005-06-23,102.019997
1544,2005-06-24,103.66999799999999
1545,2005-06-27,103.199997
1546,2005-06-28,103.959999
1547,2005-06-29,102.790001
1548,2005-06-30,102.019997
1549,2005-07-01,102.709999
1550,2005-07-05,103.18
1551,2005-07-06,103.550003
1552,2005-07-07,104.099998
1553,2005-07-08,105.650002
1554,2005-07-11,107.309998
1555,2005-07-12,107.239998
1556,2005-07-13,108.0
1557,2005-07-14,108.550003
1558,2005-07-15,108.5
1559,2005-07-18,108.239998
1560,2005-07-19,109.720001
1561,2005-07-20,109.610001
1562,2005-07-21,108.25
1563,2005-07-22,109.129997
1564,2005-07-25,108.32
1565,2005-07-26,107.720001
1566,2005-07-27,109.150002
1567,2005-07-28,109.66999799999999
1568,2005-07-29,107.480003
1569,2005-08-01,107.120003
1570,2005-08-02,109.519997
1571,2005-08-03,110.870003
1572,2005-08-04,109.25
1573,2005-08-05,109.699997
1574,2005-08-08,109.910004
1575,2005-08-09,111.480003
1576,2005-08-10,112.029999
1577,2005-08-11,114.139999
1578,2005-08-12,113.650002
1579,2005-08-15,114.66999799999999
1580,2005-08-16,112.08000200000001
1581,2005-08-17,111.129997
1582,2005-08-18,110.849998
1583,2005-08-19,111.269997
1584,2005-08-22,111.699997
1585,2005-08-23,111.800003
1586,2005-08-24,109.989998
1587,2005-08-25,110.5
1588,2005-08-26,109.75
1589,2005-08-29,110.150002
1590,2005-08-30,109.839996
1591,2005-08-31,111.18
1592,2005-09-01,113.120003
1593,2005-09-02,113.209999
1594,2005-09-06,114.589996
1595,2005-09-07,114.910004
1596,2005-09-08,115.160004
1597,2005-09-09,116.16999799999999
1598,2005-09-12,118.0
1599,2005-09-13,117.199997
1600,2005-09-14,115.900002
1601,2005-09-15,115.949997
1602,2005-09-16,118.400002
1603,2005-09-19,118.279999
1604,2005-09-20,118.050003
1605,2005-09-21,115.68
1606,2005-09-22,118.5
1607,2005-09-23,119.470001
1608,2005-09-26,120.0
1609,2005-09-27,119.66999799999999
1610,2005-09-28,120.099998
1611,2005-09-29,121.220001
1612,2005-09-30,121.58000200000001
1613,2005-10-03,121.650002
1614,2005-10-04,118.91999799999999
1615,2005-10-05,117.75
1616,2005-10-06,116.93
1617,2005-10-07,117.57
1618,2005-10-10,118.510002
1619,2005-10-11,117.550003
1620,2005-10-12,115.650002
1621,2005-10-13,113.18
1622,2005-10-14,114.550003
1623,2005-10-17,117.050003
1624,2005-10-18,117.089996
1625,2005-10-19,121.199997
1626,2005-10-20,118.75
1627,2005-10-21,118.769997
1628,2005-10-24,123.300003
1629,2005-10-25,123.550003
1630,2005-10-26,124.25
1631,2005-10-27,122.43
1632,2005-10-28,124.559998
1633,2005-10-31,126.370003
1634,2005-11-01,126.599998
1635,2005-11-02,129.130005
1636,2005-11-03,129.199997
1637,2005-11-04,130.96000700000002
1638,2005-11-07,129.149994
1639,2005-11-08,127.519997
1640,2005-11-09,128.699997
1641,2005-11-10,130.08999599999999
1642,2005-11-11,130.0
1643,2005-11-14,129.240005
1644,2005-11-15,127.970001
1645,2005-11-16,128.179993
1646,2005-11-17,130.41000400000001
1647,2005-11-18,131.580002
1648,2005-11-21,132.41000400000001
1649,2005-11-22,132.600006
1650,2005-11-23,134.080002
1651,2005-11-25,134.119995
1652,2005-11-28,131.100006
1653,2005-11-29,130.449997
1654,2005-11-30,128.96000700000002
1655,2005-12-01,130.279999
1656,2005-12-02,131.080002
1657,2005-12-05,133.050003
1658,2005-12-06,131.309998
1659,2005-12-07,129.889999
1660,2005-12-08,128.639999
1661,2005-12-09,129.66000400000001
1662,2005-12-12,130.009995
1663,2005-12-13,131.639999
1664,2005-12-14,129.630005
1665,2005-12-15,128.300003
1666,2005-12-16,126.5
1667,2005-12-19,125.129997
1668,2005-12-20,125.860001
1669,2005-12-21,127.309998
1670,2005-12-22,127.989998
1671,2005-12-23,128.110001
1672,2005-12-27,128.259995
1673,2005-12-28,127.980003
1674,2005-12-29,128.020004
1675,2005-12-30,127.709999
1676,2006-01-03,128.869995
1677,2006-01-04,127.089996
1678,2006-01-05,127.040001
1679,2006-01-06,128.83999599999999
1680,2006-01-09,130.389999
1681,2006-01-10,132.029999
1682,2006-01-11,131.970001
1683,2006-01-12,132.25
1684,2006-01-13,133.259995
1685,2006-01-17,132.58999599999999
1686,2006-01-18,132.369995
1687,2006-01-19,133.820007
1688,2006-01-20,131.440002
1689,2006-01-23,132.869995
1690,2006-01-24,133.0
1691,2006-01-25,133.559998
1692,2006-01-26,137.399994
1693,2006-01-27,138.940002
1694,2006-01-30,139.869995
1695,2006-01-31,141.25
1696,2006-02-01,141.71000700000002
1697,2006-02-02,142.520004
1698,2006-02-03,142.740005
1699,2006-02-06,142.820007
1700,2006-02-07,139.479996
1701,2006-02-08,141.139999
1702,2006-02-09,140.850006
1703,2006-02-10,140.809998
1704,2006-02-13,139.649994
1705,2006-02-14,141.779999
1706,2006-02-15,145.139999
1707,2006-02-16,145.899994
1708,2006-02-17,145.53999299999998
1709,2006-02-21,143.449997
1710,2006-02-22,145.529999
1711,2006-02-23,143.96000700000002
1712,2006-02-24,144.16000400000001
1713,2006-02-27,143.820007
1714,2006-02-28,141.28999299999998
1715,2006-03-01,143.149994
1716,2006-03-02,144.0
1717,2006-03-03,146.0
1718,2006-03-06,145.020004
1719,2006-03-07,144.279999
1720,2006-03-08,142.490005
1721,2006-03-09,141.699997
1722,2006-03-10,141.529999
1723,2006-03-13,140.720001
1724,2006-03-14,149.419998
1725,2006-03-15,149.0
1726,2006-03-16,147.690002
1727,2006-03-17,150.360001
1728,2006-03-20,152.179993
1729,2006-03-21,149.399994
1730,2006-03-22,151.820007
1731,2006-03-23,151.669998
1732,2006-03-24,152.169998
1733,2006-03-27,155.0
1734,2006-03-28,154.16000400000001
1735,2006-03-29,156.899994
1736,2006-03-30,156.809998
1737,2006-03-31,156.96000700000002
1738,2006-04-03,158.119995
1739,2006-04-04,161.0
1740,2006-04-05,160.75
1741,2006-04-06,162.03999299999998
1742,2006-04-07,161.020004
1743,2006-04-10,162.46000700000002
1744,2006-04-11,159.149994
1745,2006-04-12,159.520004
1746,2006-04-13,159.429993
1747,2006-04-17,161.940002
1748,2006-04-18,165.550003
1749,2006-04-19,167.050003
1750,2006-04-20,168.550003
1751,2006-04-21,165.889999
1752,2006-04-24,165.350006
1753,2006-04-25,162.800003
1754,2006-04-26,163.399994
1755,2006-04-27,163.970001
1756,2006-04-28,160.28999299999998
1757,2006-05-01,156.449997
1758,2006-05-02,158.830002
1759,2006-05-03,159.149994
1760,2006-05-04,158.03999299999998
1761,2006-05-05,164.389999
1762,2006-05-08,163.529999
1763,2006-05-09,165.75
1764,2006-05-10,164.08999599999999
1765,2006-05-11,159.279999
1766,2006-05-12,156.110001
1767,2006-05-15,153.139999
1768,2006-05-16,152.699997
1769,2006-05-17,148.21000700000002
1770,2006-05-18,147.029999
1771,2006-05-19,149.41000400000001
1772,2006-05-22,146.149994
1773,2006-05-23,143.699997
1774,2006-05-24,143.919998
1775,2006-05-25,147.320007
1776,2006-05-26,152.940002
1777,2006-05-30,149.830002
1778,2006-05-31,150.949997
1779,2006-06-01,153.550003
1780,2006-06-02,154.08999599999999
1781,2006-06-05,150.399994
1782,2006-06-06,149.240005
1783,2006-06-07,149.949997
1784,2006-06-08,149.759995
1785,2006-06-09,149.889999
1786,2006-06-12,145.0
1787,2006-06-13,139.25
1788,2006-06-14,138.5
1789,2006-06-15,144.119995
1790,2006-06-16,144.0
1791,2006-06-19,143.75
1792,2006-06-20,145.259995
1793,2006-06-21,149.830002
1794,2006-06-22,148.309998
1795,2006-06-23,147.919998
1796,2006-06-26,149.899994
1797,2006-06-27,147.16000400000001
1798,2006-06-28,146.490005
1799,2006-06-29,152.199997
1800,2006-06-30,150.429993
1801,2006-07-03,152.449997
1802,2006-07-05,150.949997
1803,2006-07-06,150.580002
1804,2006-07-07,148.509995
1805,2006-07-10,148.850006
1806,2006-07-11,148.669998
1807,2006-07-12,145.270004
1808,2006-07-13,142.550003
1809,2006-07-14,140.100006
1810,2006-07-17,140.869995
1811,2006-07-18,142.33999599999999
1812,2006-07-19,146.970001
1813,2006-07-20,145.179993
1814,2006-07-21,142.03999299999998
1815,2006-07-24,146.899994
1816,2006-07-25,148.490005
1817,2006-07-26,147.380005
1818,2006-07-27,148.259995
1819,2006-07-28,151.720001
1820,2006-07-31,152.75
1821,2006-08-01,151.259995
1822,2006-08-02,149.899994
1823,2006-08-03,152.100006
1824,2006-08-04,152.990005
1825,2006-08-07,152.649994
1826,2006-08-08,151.449997
1827,2006-08-09,150.009995
1828,2006-08-10,151.630005
1829,2006-08-11,151.110001
1830,2006-08-14,150.369995
1831,2006-08-15,152.649994
1832,2006-08-16,154.990005
1833,2006-08-17,154.449997
1834,2006-08-18,154.679993
1835,2006-08-21,153.830002
1836,2006-08-22,154.149994
1837,2006-08-23,152.699997
1838,2006-08-24,151.399994
1839,2006-08-25,150.070007
1840,2006-08-28,149.529999
1841,2006-08-29,147.08999599999999
1842,2006-08-30,147.059998
1843,2006-08-31,148.649994
1844,2006-09-01,149.139999
1845,2006-09-05,151.279999
1846,2006-09-06,150.669998
1847,2006-09-07,148.570007
1848,2006-09-08,149.800003
1849,2006-09-11,151.0
1850,2006-09-12,158.28999299999998
1851,2006-09-13,160.860001
1852,2006-09-14,162.520004
1853,2006-09-15,162.71000700000002
1854,2006-09-18,163.220001
1855,2006-09-19,163.389999
1856,2006-09-20,166.600006
1857,2006-09-21,167.149994
1858,2006-09-22,167.520004
1859,2006-09-25,168.690002
1860,2006-09-26,168.679993
1861,2006-09-27,169.0
1862,2006-09-28,170.0
1863,2006-09-29,169.169998
1864,2006-10-02,170.690002
1865,2006-10-03,174.199997
1866,2006-10-04,176.559998
1867,2006-10-05,175.5
1868,2006-10-06,175.649994
1869,2006-10-09,177.449997
1870,2006-10-10,178.860001
1871,2006-10-11,178.970001
1872,2006-10-12,181.509995
1873,2006-10-13,183.850006
1874,2006-10-16,185.220001
1875,2006-10-17,183.070007
1876,2006-10-18,182.970001
1877,2006-10-19,180.050003
1878,2006-10-20,180.399994
1879,2006-10-23,184.699997
1880,2006-10-24,187.83999599999999
1881,2006-10-25,188.610001
1882,2006-10-26,193.380005
1883,2006-10-27,188.669998
1884,2006-10-30,189.75
1885,2006-10-31,189.78999299999998
1886,2006-11-01,185.0
1887,2006-11-02,187.389999
1888,2006-11-03,187.130005
1889,2006-11-06,190.0
1890,2006-11-07,188.679993
1891,2006-11-08,188.770004
1892,2006-11-09,184.779999
1893,2006-11-10,187.059998
1894,2006-11-13,187.729996
1895,2006-11-14,190.360001
1896,2006-11-15,193.110001
1897,2006-11-16,196.720001
1898,2006-11-17,195.03999299999998
1899,2006-11-20,197.449997
1900,2006-11-21,199.759995
1901,2006-11-22,202.28999299999998
1902,2006-11-24,201.600006
1903,2006-11-27,193.110001
1904,2006-11-28,197.119995
1905,2006-11-29,196.220001
1906,2006-11-30,194.800003
1907,2006-12-01,194.5
1908,2006-12-04,200.050003
1909,2006-12-05,201.610001
1910,2006-12-06,205.0
1911,2006-12-07,200.199997
1912,2006-12-08,205.100006
1913,2006-12-11,202.520004
1914,2006-12-12,200.0
1915,2006-12-13,198.309998
1916,2006-12-14,200.130005
1917,2006-12-15,199.83999599999999
1918,2006-12-18,203.240005
1919,2006-12-19,201.240005
1920,2006-12-20,201.369995
1921,2006-12-21,198.100006
1922,2006-12-22,198.08999599999999
1923,2006-12-26,199.860001
1924,2006-12-27,201.949997
1925,2006-12-28,200.800003
1926,2006-12-29,199.350006
1927,2007-01-03,200.720001
1928,2007-01-04,198.850006
1929,2007-01-05,199.050003
1930,2007-01-08,203.729996
1931,2007-01-09,204.080002
1932,2007-01-10,208.110001
1933,2007-01-11,211.88000499999998
1934,2007-01-12,213.99000499999997
1935,2007-01-16,213.58999599999999
1936,2007-01-17,213.229996
1937,2007-01-18,209.679993
1938,2007-01-19,210.289993
1939,2007-01-22,212.97000099999997
1940,2007-01-23,212.63999900000002
1941,2007-01-24,220.100006
1942,2007-01-25,213.07000699999998
1943,2007-01-26,213.5
1944,2007-01-29,211.039993
1945,2007-01-30,208.779999
1946,2007-01-31,212.16000400000001
1947,2007-02-01,212.0
1948,2007-02-02,213.42999300000002
1949,2007-02-05,212.55000299999998
1950,2007-02-06,214.649994
1951,2007-02-07,213.55000299999998
1952,2007-02-08,213.899994
1953,2007-02-09,213.27999900000003
1954,2007-02-12,211.13000499999998
1955,2007-02-13,212.52999900000003
1956,2007-02-14,217.399994
1957,2007-02-15,216.82000699999998
1958,2007-02-16,216.919998
1959,2007-02-20,220.940002
1960,2007-02-21,220.149994
1961,2007-02-22,218.97000099999997
1962,2007-02-23,216.5
1963,2007-02-26,214.0
1964,2007-02-27,196.0
1965,2007-02-28,201.75
1966,2007-03-01,199.66000400000001
1967,2007-03-02,195.669998
1968,2007-03-05,190.0
1969,2007-03-06,197.369995
1970,2007-03-07,195.58999599999999
1971,2007-03-08,199.940002
1972,2007-03-09,201.699997
1973,2007-03-12,202.600006
1974,2007-03-13,199.029999
1975,2007-03-14,200.149994
1976,2007-03-15,200.889999
1977,2007-03-16,199.0
1978,2007-03-19,202.440002
1979,2007-03-20,204.0
1980,2007-03-21,210.94999700000002
1981,2007-03-22,210.080002
1982,2007-03-23,211.88999900000002
1983,2007-03-26,211.729996
1984,2007-03-27,209.86999500000002
1985,2007-03-28,206.759995
1986,2007-03-29,207.199997
1987,2007-03-30,206.630005
1988,2007-04-02,205.649994
1989,2007-04-03,209.75
1990,2007-04-04,208.78999299999998
1991,2007-04-05,207.929993
1992,2007-04-09,208.940002
1993,2007-04-10,209.050003
1994,2007-04-11,206.929993
1995,2007-04-12,207.050003
1996,2007-04-13,206.5
1997,2007-04-16,214.520004
1998,2007-04-17,214.899994
1999,2007-04-18,216.75
2000,2007-04-19,219.289993
2001,2007-04-20,220.0
2002,2007-04-23,222.419998
2003,2007-04-24,220.72000099999997
2004,2007-04-25,225.600006
2005,2007-04-26,224.809998
2006,2007-04-27,224.27999900000003
2007,2007-04-30,218.61000099999998
2008,2007-05-01,218.580002
2009,2007-05-02,219.49000499999997
2010,2007-05-03,221.559998
2011,2007-05-04,227.33999599999999
2012,2007-05-07,227.22000099999997
2013,2007-05-08,224.94999700000002
2014,2007-05-09,226.57000699999998
2015,2007-05-10,223.100006
2016,2007-05-11,227.5
2017,2007-05-14,226.17999300000002
2018,2007-05-15,224.38000499999998
2019,2007-05-16,227.11000099999998
2020,2007-05-17,227.38000499999998
2021,2007-05-18,230.33999599999999
2022,2007-05-21,229.229996
2023,2007-05-22,230.710007
2024,2007-05-23,228.539993
2025,2007-05-24,225.67999300000002
2026,2007-05-25,225.52999900000003
2027,2007-05-29,228.440002
2028,2007-05-30,232.0
2029,2007-05-31,230.82000699999998
2030,2007-06-01,230.710007
2031,2007-06-04,229.710007
2032,2007-06-05,229.36000099999998
2033,2007-06-06,227.350006
2034,2007-06-07,220.05000299999998
2035,2007-06-08,225.059998
2036,2007-06-11,227.16000400000001
2037,2007-06-12,227.850006
2038,2007-06-13,233.63999900000002
2039,2007-06-14,225.75
2040,2007-06-15,226.190002
2041,2007-06-18,226.97000099999997
2042,2007-06-19,229.47000099999997
2043,2007-06-20,225.88999900000002
2044,2007-06-21,226.899994
2045,2007-06-22,222.399994
2046,2007-06-25,216.74000499999997
2047,2007-06-26,214.169998
2048,2007-06-27,219.330002
2049,2007-06-28,218.960007
2050,2007-06-29,216.75
2051,2007-07-02,219.17999300000002
2052,2007-07-03,224.55000299999998
2053,2007-07-05,221.32000699999998
2054,2007-07-06,223.63999900000002
2055,2007-07-09,223.30000299999998
2056,2007-07-10,217.080002
2057,2007-07-11,216.72000099999997
2058,2007-07-12,220.289993
2059,2007-07-13,222.17999300000002
2060,2007-07-16,220.399994
2061,2007-07-17,219.399994
2062,2007-07-18,214.99000499999997
2063,2007-07-19,211.690002
2064,2007-07-20,205.940002
2065,2007-07-23,205.03999299999998
2066,2007-07-24,198.149994
2067,2007-07-25,203.16000400000001
2068,2007-07-26,195.119995
2069,2007-07-27,192.649994
2070,2007-07-30,195.740005
2071,2007-07-31,188.33999599999999
2072,2007-08-01,189.0
2073,2007-08-02,187.46000700000002
2074,2007-08-03,179.679993
2075,2007-08-06,187.78999299999998
2076,2007-08-07,191.25
2077,2007-08-08,193.300003
2078,2007-08-09,182.25
2079,2007-08-10,180.5
2080,2007-08-13,177.5
2081,2007-08-14,169.75
2082,2007-08-15,164.899994
2083,2007-08-16,169.850006
2084,2007-08-17,175.0
2085,2007-08-20,172.759995
2086,2007-08-21,175.479996
2087,2007-08-22,177.889999
2088,2007-08-23,177.5
2089,2007-08-24,179.729996
2090,2007-08-27,177.949997
2091,2007-08-28,170.949997
2092,2007-08-29,173.720001
2093,2007-08-30,171.380005
2094,2007-08-31,176.009995
2095,2007-09-04,180.800003
2096,2007-09-05,177.809998
2097,2007-09-06,179.179993
2098,2007-09-07,178.979996
2099,2007-09-10,183.610001
2100,2007-09-11,183.5
2101,2007-09-12,182.529999
2102,2007-09-13,188.470001
2103,2007-09-14,190.58999599999999
2104,2007-09-17,187.610001
2105,2007-09-18,200.5
2106,2007-09-19,205.5
2107,2007-09-20,203.529999
2108,2007-09-21,209.979996
2109,2007-09-24,210.42999300000002
2110,2007-09-25,210.899994
2111,2007-09-26,214.61000099999998
2112,2007-09-27,216.77999900000003
2113,2007-09-28,216.74000499999997
2114,2007-10-01,222.979996
2115,2007-10-02,228.020004
2116,2007-10-03,227.350006
2117,2007-10-04,225.94999700000002
2118,2007-10-05,228.5
2119,2007-10-08,226.960007
2120,2007-10-09,239.19999700000002
2121,2007-10-10,235.940002
2122,2007-10-11,229.00999500000003
2123,2007-10-12,233.559998
2124,2007-10-15,229.33999599999999
2125,2007-10-16,224.830002
2126,2007-10-17,227.61999500000002
2127,2007-10-18,227.850006
2128,2007-10-19,217.690002
2129,2007-10-22,222.17999300000002
2130,2007-10-23,223.75999500000003
2131,2007-10-24,225.11999500000002
2132,2007-10-25,226.66000400000001
2133,2007-10-26,235.919998
2134,2007-10-29,243.809998
2135,2007-10-30,240.330002
2136,2007-10-31,247.919998
2137,2007-11-01,240.210007
2138,2007-11-02,229.600006
2139,2007-11-05,218.38999900000002
2140,2007-11-06,223.16000400000001
2141,2007-11-07,214.17999300000002
2142,2007-11-08,209.940002
2143,2007-11-09,211.330002
2144,2007-11-12,214.710007
2145,2007-11-13,233.039993
2146,2007-11-14,233.309998
2147,2007-11-15,227.020004
2148,2007-11-16,225.25
2149,2007-11-19,220.539993
2150,2007-11-20,217.479996
2151,2007-11-21,209.5
2152,2007-11-23,216.479996
2153,2007-11-26,207.449997
2154,2007-11-27,213.330002
2155,2007-11-28,227.520004
2156,2007-11-29,224.38000499999998
2157,2007-11-30,226.63999900000002
2158,2007-12-03,226.88999900000002
2159,2007-12-04,215.22000099999997
2160,2007-12-05,218.25999500000003
2161,2007-12-06,222.50999500000003
2162,2007-12-07,217.88999900000002
2163,2007-12-10,224.210007
2164,2007-12-11,211.149994
2165,2007-12-12,212.580002
2166,2007-12-13,208.479996
2167,2007-12-14,210.669998
2168,2007-12-17,208.630005
2169,2007-12-18,201.509995
2170,2007-12-19,204.16000400000001
2171,2007-12-20,202.669998
2172,2007-12-21,209.600006
2173,2007-12-24,214.32000699999998
2174,2007-12-26,216.690002
2175,2007-12-27,211.94999700000002
2176,2007-12-28,211.940002
2177,2007-12-31,215.05000299999998
2178,2008-01-02,207.600006
2179,2008-01-03,204.83999599999999
2180,2008-01-04,199.929993
2181,2008-01-07,194.729996
2182,2008-01-08,189.5
2183,2008-01-09,191.75
2184,2008-01-10,196.91000400000001
2185,2008-01-11,198.740005
2186,2008-01-14,201.649994
2187,2008-01-15,193.28999299999998
2188,2008-01-16,197.5
2189,2008-01-17,190.979996
2190,2008-01-18,187.21000700000002
2191,2008-01-22,190.690002
2192,2008-01-23,199.389999
2193,2008-01-24,199.199997
2194,2008-01-25,191.369995
2195,2008-01-28,196.25
2196,2008-01-29,196.050003
2197,2008-01-30,198.550003
2198,2008-01-31,199.550003
2199,2008-02-01,207.779999
2200,2008-02-04,200.800003
2201,2008-02-05,189.860001
2202,2008-02-06,187.169998
2203,2008-02-07,190.46000700000002
2204,2008-02-08,187.070007
2205,2008-02-11,185.869995
2206,2008-02-12,180.649994
2207,2008-02-13,180.179993
2208,2008-02-14,176.559998
2209,2008-02-15,178.41000400000001
2210,2008-02-19,173.800003
2211,2008-02-20,177.25
2212,2008-02-21,175.169998
2213,2008-02-22,177.71000700000002
2214,2008-02-25,177.360001
2215,2008-02-26,172.699997
2216,2008-02-27,180.800003
2217,2008-02-28,176.699997
2218,2008-02-29,169.630005
2219,2008-03-03,165.080002
2220,2008-03-04,163.600006
2221,2008-03-05,164.970001
2222,2008-03-06,158.649994
2223,2008-03-07,160.070007
2224,2008-03-10,155.580002
2225,2008-03-11,163.070007
2226,2008-03-12,163.009995
2227,2008-03-13,165.440002
2228,2008-03-14,156.860001
2229,2008-03-17,151.020004
2230,2008-03-18,175.58999599999999
2231,2008-03-19,166.490005
2232,2008-03-20,179.630005
2233,2008-03-24,178.880005
2234,2008-03-25,179.630005
2235,2008-03-26,175.479996
2236,2008-03-27,168.139999
2237,2008-03-28,164.449997
2238,2008-03-31,165.389999
2239,2008-04-01,176.860001
2240,2008-04-02,176.869995
2241,2008-04-03,176.529999
2242,2008-04-04,175.399994
2243,2008-04-07,178.729996
2244,2008-04-08,178.899994
2245,2008-04-09,174.139999
2246,2008-04-10,170.550003
2247,2008-04-11,167.300003
2248,2008-04-14,163.58999599999999
2249,2008-04-15,164.199997
2250,2008-04-16,169.050003
2251,2008-04-17,172.100006
2252,2008-04-18,179.929993
2253,2008-04-21,180.399994
2254,2008-04-22,179.759995
2255,2008-04-23,179.350006
2256,2008-04-24,188.78999299999998
2257,2008-04-25,192.0
2258,2008-04-28,190.240005
2259,2008-04-29,192.679993
2260,2008-04-30,191.369995
2261,2008-05-01,199.050003
2262,2008-05-02,200.270004
2263,2008-05-05,197.119995
2264,2008-05-06,197.610001
2265,2008-05-07,189.759995
2266,2008-05-08,187.720001
2267,2008-05-09,188.08999599999999
2268,2008-05-12,192.080002
2269,2008-05-13,190.330002
2270,2008-05-14,190.130005
2271,2008-05-15,188.619995
2272,2008-05-16,187.139999
2273,2008-05-19,184.399994
2274,2008-05-20,182.429993
2275,2008-05-21,178.600006
2276,2008-05-22,177.199997
2277,2008-05-23,172.639999
2278,2008-05-27,173.919998
2279,2008-05-28,174.830002
2280,2008-05-29,176.240005
2281,2008-05-30,176.41000400000001
2282,2008-06-02,172.33999599999999
2283,2008-06-03,170.580002
2284,2008-06-04,172.100006
2285,2008-06-05,176.600006
2286,2008-06-06,169.440002
2287,2008-06-09,165.759995
2288,2008-06-10,167.21000700000002
2289,2008-06-11,162.399994
2290,2008-06-12,166.75
2291,2008-06-13,178.28999299999998
2292,2008-06-16,182.08999599999999
2293,2008-06-17,179.440002
2294,2008-06-18,182.770004
2295,2008-06-19,186.929993
2296,2008-06-20,183.770004
2297,2008-06-23,178.58999599999999
2298,2008-06-24,181.979996
2299,2008-06-25,183.649994
2300,2008-06-26,176.259995
2301,2008-06-27,174.559998
2302,2008-06-30,174.899994
2303,2008-07-01,175.330002
2304,2008-07-02,178.78999299999998
2305,2008-07-03,178.889999
2306,2008-07-07,169.820007
2307,2008-07-08,174.899994
2308,2008-07-09,169.020004
2309,2008-07-10,170.16000400000001
2310,2008-07-11,162.479996
2311,2008-07-14,158.669998
2312,2008-07-15,157.800003
2313,2008-07-16,172.860001
2314,2008-07-17,181.240005
2315,2008-07-18,182.83999599999999
2316,2008-07-21,180.779999
2317,2008-07-22,188.03999299999998
2318,2008-07-23,187.869995
2319,2008-07-24,180.259995
2320,2008-07-25,178.66000400000001
2321,2008-07-28,172.899994
2322,2008-07-29,181.630005
2323,2008-07-30,186.169998
2324,2008-07-31,184.03999299999998
2325,2008-08-01,182.0
2326,2008-08-04,177.860001
2327,2008-08-05,180.770004
2328,2008-08-06,179.550003
2329,2008-08-07,172.330002
2330,2008-08-08,175.949997
2331,2008-08-11,178.0
2332,2008-08-12,167.300003
2333,2008-08-13,164.899994
2334,2008-08-14,166.58999599999999
2335,2008-08-15,163.179993
2336,2008-08-18,160.03999299999998
2337,2008-08-19,158.0
2338,2008-08-20,158.25
2339,2008-08-21,156.419998
2340,2008-08-22,159.809998
2341,2008-08-25,155.71000700000002
2342,2008-08-26,155.91000400000001
2343,2008-08-27,155.479996
2344,2008-08-28,161.830002
2345,2008-08-29,163.970001
2346,2008-09-02,165.320007
2347,2008-09-03,167.610001
2348,2008-09-04,160.899994
2349,2008-09-05,163.240005
2350,2008-09-08,169.729996
2351,2008-09-09,161.669998
2352,2008-09-10,157.58999599999999
2353,2008-09-11,157.029999
2354,2008-09-12,154.21000700000002
2355,2008-09-15,135.5
2356,2008-09-16,133.009995
2357,2008-09-17,114.5
2358,2008-09-18,108.0
2359,2008-09-19,129.800003
2360,2008-09-22,120.779999
2361,2008-09-23,125.050003
2362,2008-09-24,133.0
2363,2008-09-25,135.5
2364,2008-09-26,137.990005
2365,2008-09-29,120.699997
2366,2008-09-30,128.0
2367,2008-10-01,134.5
2368,2008-10-02,131.53999299999998
2369,2008-10-03,128.0
2370,2008-10-06,124.0
2371,2008-10-07,115.0
2372,2008-10-08,113.0
2373,2008-10-09,101.349998
2374,2008-10-10,88.800003
2375,2008-10-13,111.0
2376,2008-10-14,122.900002
2377,2008-10-15,113.150002
2378,2008-10-16,112.400002
2379,2008-10-17,114.300003
2380,2008-10-20,121.5
2381,2008-10-21,121.349998
2382,2008-10-22,115.059998
2383,2008-10-23,108.58000200000001
2384,2008-10-24,100.400002
2385,2008-10-27,92.879997
2386,2008-10-28,93.57
2387,2008-10-29,97.660004
2388,2008-10-30,91.110001
2389,2008-10-31,92.5
2390,2008-11-03,89.089996
2391,2008-11-04,95.0
2392,2008-11-05,87.43
2393,2008-11-06,80.720001
2394,2008-11-07,77.779999
2395,2008-11-10,71.209999
2396,2008-11-11,74.68
2397,2008-11-12,66.790001
2398,2008-11-13,69.989998
2399,2008-11-14,66.730003
2400,2008-11-17,62.490002000000004
2401,2008-11-18,62.029999
2402,2008-11-19,55.18
2403,2008-11-20,52.0
2404,2008-11-21,53.310001
2405,2008-11-24,67.41999799999999
2406,2008-11-25,71.779999
2407,2008-11-26,76.5
2408,2008-11-28,78.989998
2409,2008-12-01,65.760002
2410,2008-12-02,65.0
2411,2008-12-03,68.949997
2412,2008-12-04,67.529999
2413,2008-12-05,70.720001
2414,2008-12-08,77.150002
2415,2008-12-09,72.769997
2416,2008-12-10,71.529999
2417,2008-12-11,69.709999
2418,2008-12-12,67.739998
2419,2008-12-15,66.459999
2420,2008-12-16,76.0
2421,2008-12-17,78.779999
2422,2008-12-18,80.050003
2423,2008-12-19,80.730003
2424,2008-12-22,77.0
2425,2008-12-23,75.199997
2426,2008-12-24,76.440002
2427,2008-12-26,75.970001
2428,2008-12-29,76.559998
2429,2008-12-30,82.059998
2430,2008-12-31,84.389999
2431,2009-01-02,86.760002
2432,2009-01-05,88.779999
2433,2009-01-06,88.709999
2434,2009-01-07,84.5
2435,2009-01-08,85.410004
2436,2009-01-09,83.91999799999999
2437,2009-01-12,77.66999799999999
2438,2009-01-13,77.91999799999999
2439,2009-01-14,75.690002
2440,2009-01-15,73.83000200000001
2441,2009-01-16,73.050003
2442,2009-01-20,59.200001
2443,2009-01-21,69.900002
2444,2009-01-22,71.029999
2445,2009-01-23,74.910004
2446,2009-01-26,74.199997
2447,2009-01-27,78.260002
2448,2009-01-28,87.699997
2449,2009-01-29,82.720001
2450,2009-01-30,80.730003
2451,2009-02-02,83.57
2452,2009-02-03,82.809998
2453,2009-02-04,87.970001
2454,2009-02-05,92.849998
2455,2009-02-06,96.57
2456,2009-02-09,97.889999
2457,2009-02-10,90.400002
2458,2009-02-11,94.709999
2459,2009-02-12,95.58000200000001
2460,2009-02-13,96.449997
2461,2009-02-17,85.709999
2462,2009-02-18,84.5
2463,2009-02-19,86.010002
2464,2009-02-20,84.589996
2465,2009-02-23,80.07
2466,2009-02-24,92.980003
2467,2009-02-25,89.91999799999999
2468,2009-02-26,92.150002
2469,2009-02-27,91.08000200000001
2470,2009-03-02,86.269997
2471,2009-03-03,82.370003
2472,2009-03-04,85.470001
2473,2009-03-05,81.720001
2474,2009-03-06,75.650002
2475,2009-03-09,73.949997
2476,2009-03-10,85.279999
2477,2009-03-11,92.389999
2478,2009-03-12,97.25
2479,2009-03-13,98.800003
2480,2009-03-16,93.900002
2481,2009-03-17,98.989998
2482,2009-03-18,105.25
2483,2009-03-19,99.300003
2484,2009-03-20,97.32
2485,2009-03-23,111.93
2486,2009-03-24,110.599998
2487,2009-03-25,112.949997
2488,2009-03-26,111.989998
2489,2009-03-27,108.08000200000001
2490,2009-03-30,100.459999
2491,2009-03-31,106.019997
2492,2009-04-01,110.290001
2493,2009-04-02,114.220001
2494,2009-04-03,119.400002
2495,2009-04-06,116.650002
2496,2009-04-07,116.08000200000001
2497,2009-04-08,114.75
2498,2009-04-09,124.33000200000001
2499,2009-04-13,130.149994
2500,2009-04-14,115.110001
2501,2009-04-15,121.190002
2502,2009-04-16,121.190002
2503,2009-04-17,120.599998
2504,2009-04-20,115.010002
2505,2009-04-21,120.360001
2506,2009-04-22,120.489998
2507,2009-04-23,122.809998
2508,2009-04-24,121.300003
2509,2009-04-27,120.900002
2510,2009-04-28,120.66999799999999
2511,2009-04-29,127.18
2512,2009-04-30,128.5
2513,2009-05-01,127.08000200000001
2514,2009-05-04,134.16000400000001
2515,2009-05-05,135.199997
2516,2009-05-06,139.220001
2517,2009-05-07,133.729996
2518,2009-05-08,139.58999599999999
2519,2009-05-11,135.779999
2520,2009-05-12,135.41000400000001
2521,2009-05-13,129.259995
2522,2009-05-14,133.600006
2523,2009-05-15,134.399994
2524,2009-05-18,143.149994
2525,2009-05-19,141.149994
2526,2009-05-20,136.440002
2527,2009-05-21,137.16000400000001
2528,2009-05-22,136.350006
2529,2009-05-26,142.050003
2530,2009-05-27,140.009995
2531,2009-05-28,144.649994
2532,2009-05-29,144.570007
2533,2009-06-01,144.330002
2534,2009-06-02,143.130005
2535,2009-06-03,142.149994
2536,2009-06-04,149.470001
2537,2009-06-05,149.009995
2538,2009-06-08,148.350006
2539,2009-06-09,149.309998
2540,2009-06-10,146.679993
2541,2009-06-11,145.149994
2542,2009-06-12,145.639999
2543,2009-06-15,143.009995
2544,2009-06-16,144.16000400000001
2545,2009-06-17,139.729996
2546,2009-06-18,143.08999599999999
2547,2009-06-19,143.130005
2548,2009-06-22,137.009995
2549,2009-06-23,141.190002
2550,2009-06-24,142.649994
2551,2009-06-25,144.429993
2552,2009-06-26,146.740005
2553,2009-06-29,149.360001
2554,2009-06-30,147.440002
2555,2009-07-01,147.320007
2556,2009-07-02,143.490005
2557,2009-07-06,146.46000700000002
2558,2009-07-07,142.53999299999998
2559,2009-07-08,138.550003
2560,2009-07-09,143.21000700000002
2561,2009-07-10,141.869995
2562,2009-07-13,149.440002
2563,2009-07-14,149.66000400000001
2564,2009-07-15,155.259995
2565,2009-07-16,156.83999599999999
2566,2009-07-17,156.83999599999999
2567,2009-07-20,160.029999
2568,2009-07-21,159.800003
2569,2009-07-22,160.46000700000002
2570,2009-07-23,165.449997
2571,2009-07-24,164.720001
2572,2009-07-27,163.869995
2573,2009-07-28,160.53999299999998
2574,2009-07-29,159.440002
2575,2009-07-30,162.419998
2576,2009-07-31,163.300003
2577,2009-08-03,164.100006
2578,2009-08-04,165.169998
2579,2009-08-05,168.639999
2580,2009-08-06,166.75
2581,2009-08-07,163.649994
2582,2009-08-10,160.360001
2583,2009-08-11,159.220001
2584,2009-08-12,163.759995
2585,2009-08-13,164.479996
2586,2009-08-14,162.729996
2587,2009-08-17,157.25
2588,2009-08-18,160.479996
2589,2009-08-19,159.929993
2590,2009-08-20,162.330002
2591,2009-08-21,163.509995
2592,2009-08-24,162.580002
2593,2009-08-25,164.940002
2594,2009-08-26,165.949997
2595,2009-08-27,165.020004
2596,2009-08-28,164.419998
2597,2009-08-31,165.46000700000002
2598,2009-09-01,160.169998
2599,2009-09-02,158.53999299999998
2600,2009-09-03,161.66000400000001
2601,2009-09-04,162.970001
2602,2009-09-08,167.220001
2603,2009-09-09,170.270004
2604,2009-09-10,174.869995
2605,2009-09-11,174.699997
2606,2009-09-14,177.71000700000002
2607,2009-09-15,176.66000400000001
2608,2009-09-16,179.869995
2609,2009-09-17,181.46000700000002
2610,2009-09-18,183.179993
2611,2009-09-21,182.389999
2612,2009-09-22,185.520004
2613,2009-09-23,183.639999
2614,2009-09-24,183.059998
2615,2009-09-25,179.5
2616,2009-09-28,182.5
2617,2009-09-29,183.580002
2618,2009-09-30,184.350006
2619,2009-10-01,178.990005
2620,2009-10-02,179.610001
2621,2009-10-05,186.470001
2622,2009-10-06,186.979996
2623,2009-10-07,190.479996
2624,2009-10-08,188.169998
2625,2009-10-09,189.300003
2626,2009-10-12,190.149994
2627,2009-10-13,187.229996
2628,2009-10-14,192.279999
2629,2009-10-15,188.630005
2630,2009-10-16,184.369995
2631,2009-10-19,185.5
2632,2009-10-20,184.96000700000002
2633,2009-10-21,179.259995
2634,2009-10-22,183.690002
2635,2009-10-23,180.360001
2636,2009-10-26,179.369995
2637,2009-10-27,178.610001
2638,2009-10-28,172.16000400000001
2639,2009-10-29,178.580002
2640,2009-10-30,170.169998
2641,2009-11-02,170.679993
2642,2009-11-03,171.610001
2643,2009-11-04,169.5
2644,2009-11-05,173.399994
2645,2009-11-06,171.779999
2646,2009-11-09,176.570007
2647,2009-11-10,176.509995
2648,2009-11-11,179.850006
2649,2009-11-12,178.479996
2650,2009-11-13,176.759995
2651,2009-11-16,177.25
2652,2009-11-17,176.600006
2653,2009-11-18,176.899994
2654,2009-11-19,172.830002
2655,2009-11-20,170.009995
2656,2009-11-23,172.0
2657,2009-11-24,171.130005
2658,2009-11-25,168.919998
2659,2009-11-27,164.16000400000001
2660,2009-11-30,169.66000400000001
2661,2009-12-01,167.630005
2662,2009-12-02,166.66000400000001
2663,2009-12-03,164.300003
2664,2009-12-04,167.240005
2665,2009-12-07,163.850006
2666,2009-12-08,161.83999599999999
2667,2009-12-09,166.440002
2668,2009-12-10,166.729996
2669,2009-12-11,166.0
2670,2009-12-14,166.100006
2671,2009-12-15,162.740005
2672,2009-12-16,164.990005
2673,2009-12-17,160.929993
2674,2009-12-18,163.190002
2675,2009-12-21,165.449997
2676,2009-12-22,164.600006
2677,2009-12-23,163.630005
2678,2009-12-24,163.970001
2679,2009-12-28,163.759995
2680,2009-12-29,164.119995
2681,2009-12-30,166.699997
2682,2009-12-31,168.83999599999999
2683,2010-01-04,173.080002
2684,2010-01-05,176.139999
2685,2010-01-06,174.259995
2686,2010-01-07,177.669998
2687,2010-01-08,174.309998
2688,2010-01-11,171.559998
2689,2010-01-12,167.820007
2690,2010-01-13,169.070007
2691,2010-01-14,168.529999
2692,2010-01-15,165.21000700000002
2693,2010-01-19,166.860001
2694,2010-01-20,167.78999299999998
2695,2010-01-21,160.869995
2696,2010-01-22,154.119995
2697,2010-01-25,154.979996
2698,2010-01-26,150.880005
2699,2010-01-27,151.5
2700,2010-01-28,153.28999299999998
2701,2010-01-29,148.720001
2702,2010-02-01,153.130005
2703,2010-02-02,156.940002
2704,2010-02-03,157.229996
2705,2010-02-04,150.679993
2706,2010-02-05,154.16000400000001
2707,2010-02-08,151.100006
2708,2010-02-09,152.490005
2709,2010-02-10,153.630005
2710,2010-02-11,154.050003
2711,2010-02-12,153.929993
2712,2010-02-16,157.399994
2713,2010-02-17,157.259995
2714,2010-02-18,155.729996
2715,2010-02-19,156.179993
2716,2010-02-22,156.71000700000002
2717,2010-02-23,156.699997
2718,2010-02-24,158.330002
2719,2010-02-25,156.440002
2720,2010-02-26,156.350006
2721,2010-03-01,156.53999299999998
2722,2010-03-02,158.75
2723,2010-03-03,157.720001
2724,2010-03-04,163.610001
2725,2010-03-05,167.179993
2726,2010-03-08,169.83999599999999
2727,2010-03-09,168.850006
2728,2010-03-10,171.940002
2729,2010-03-11,173.509995
2730,2010-03-12,174.96000700000002
2731,2010-03-15,173.529999
2732,2010-03-16,176.190002
2733,2010-03-17,176.639999
2734,2010-03-18,177.449997
2735,2010-03-19,177.899994
2736,2010-03-22,176.16000400000001
2737,2010-03-23,174.830002
2738,2010-03-24,174.41000400000001
2739,2010-03-25,174.899994
2740,2010-03-26,172.869995
2741,2010-03-29,174.050003
2742,2010-03-30,171.380005
2743,2010-03-31,170.630005
2744,2010-04-01,170.220001
2745,2010-04-05,173.16000400000001
2746,2010-04-06,172.899994
2747,2010-04-07,176.360001
2748,2010-04-08,179.5
2749,2010-04-09,179.119995
2750,2010-04-12,177.83999599999999
2751,2010-04-13,179.25
2752,2010-04-14,184.919998
2753,2010-04-15,184.270004
2754,2010-04-16,160.699997
2755,2010-04-19,163.320007
2756,2010-04-20,159.979996
2757,2010-04-21,158.929993
2758,2010-04-22,159.050003
2759,2010-04-23,157.399994
2760,2010-04-26,152.029999
2761,2010-04-27,153.03999299999998
2762,2010-04-28,157.009995
2763,2010-04-29,160.240005
2764,2010-04-30,145.199997
2765,2010-05-03,149.5
2766,2010-05-04,149.449997
2767,2010-05-05,148.190002
2768,2010-05-06,142.320007
2769,2010-05-07,142.990005
2770,2010-05-10,143.830002
2771,2010-05-11,141.970001
2772,2010-05-12,147.199997
2773,2010-05-13,144.649994
2774,2010-05-14,143.229996
2775,2010-05-17,142.639999
2776,2010-05-18,137.360001
2777,2010-05-19,140.100006
2778,2010-05-20,136.100006
2779,2010-05-21,140.619995
2780,2010-05-24,136.690002
2781,2010-05-25,142.559998
2782,2010-05-26,140.300003
2783,2010-05-27,144.949997
2784,2010-05-28,144.259995
2785,2010-06-01,141.860001
2786,2010-06-02,144.830002
2787,2010-06-03,144.03999299999998
2788,2010-06-04,142.25
2789,2010-06-07,138.679993
2790,2010-06-08,137.779999
2791,2010-06-09,136.800003
2792,2010-06-10,133.770004
2793,2010-06-11,135.639999
2794,2010-06-14,133.440002
2795,2010-06-15,136.899994
2796,2010-06-16,137.059998
2797,2010-06-17,137.320007
2798,2010-06-18,138.179993
2799,2010-06-21,137.740005
2800,2010-06-22,134.78999299999998
2801,2010-06-23,135.070007
2802,2010-06-24,134.979996
2803,2010-06-25,139.66000400000001
2804,2010-06-28,136.66000400000001
2805,2010-06-29,133.759995
2806,2010-06-30,131.270004
2807,2010-07-01,131.139999
2808,2010-07-02,131.080002
2809,2010-07-06,132.259995
2810,2010-07-07,135.830002
2811,2010-07-08,135.46000700000002
2812,2010-07-09,138.059998
2813,2010-07-12,137.25
2814,2010-07-13,140.25
2815,2010-07-14,139.059998
2816,2010-07-15,145.220001
2817,2010-07-16,146.169998
2818,2010-07-19,145.679993
2819,2010-07-20,148.91000400000001
2820,2010-07-21,146.990005
2821,2010-07-22,146.550003
2822,2010-07-23,147.380005
2823,2010-07-26,148.199997
2824,2010-07-27,147.229996
2825,2010-07-28,147.199997
2826,2010-07-29,152.580002
2827,2010-07-30,150.820007
2828,2010-08-02,152.740005
2829,2010-08-03,153.190002
2830,2010-08-04,156.41000400000001
2831,2010-08-05,155.919998
2832,2010-08-06,155.179993
2833,2010-08-09,155.399994
2834,2010-08-10,153.899994
2835,2010-08-11,149.25
2836,2010-08-12,149.419998
2837,2010-08-13,148.080002
2838,2010-08-16,147.759995
2839,2010-08-17,148.58999599999999
2840,2010-08-18,149.199997
2841,2010-08-19,147.050003
2842,2010-08-20,148.240005
2843,2010-08-23,146.740005
2844,2010-08-24,143.949997
2845,2010-08-25,144.679993
2846,2010-08-26,141.809998
2847,2010-08-27,139.75
2848,2010-08-30,136.66000400000001
2849,2010-08-31,136.929993
2850,2010-09-01,139.740005
2851,2010-09-02,139.779999
2852,2010-09-03,147.28999299999998
2853,2010-09-07,145.21000700000002
2854,2010-09-08,147.53999299999998
2855,2010-09-09,149.139999
2856,2010-09-10,150.389999
2857,2010-09-13,154.369995
2858,2010-09-14,152.529999
2859,2010-09-15,152.559998
2860,2010-09-16,152.229996
2861,2010-09-17,150.979996
2862,2010-09-20,151.899994
2863,2010-09-21,151.399994
2864,2010-09-22,148.070007
2865,2010-09-23,144.91000400000001
2866,2010-09-24,147.279999
2867,2010-09-27,146.0
2868,2010-09-28,145.009995
2869,2010-09-29,144.419998
2870,2010-09-30,144.580002
2871,2010-10-01,147.699997
2872,2010-10-04,146.570007
2873,2010-10-05,149.570007
2874,2010-10-06,150.83999599999999
2875,2010-10-07,151.110001
2876,2010-10-08,152.66000400000001
2877,2010-10-11,152.199997
2878,2010-10-12,155.21000700000002
2879,2010-10-13,154.729996
2880,2010-10-14,151.58999599999999
2881,2010-10-15,150.690002
2882,2010-10-18,153.699997
2883,2010-10-19,156.720001
2884,2010-10-20,159.600006
2885,2010-10-21,159.300003
2886,2010-10-22,157.759995
2887,2010-10-25,157.389999
2888,2010-10-26,158.28999299999998
2889,2010-10-27,160.149994
2890,2010-10-28,163.240005
2891,2010-10-29,161.130005
2892,2010-11-01,161.570007
2893,2010-11-02,162.820007
2894,2010-11-03,162.630005
2895,2010-11-04,166.389999
2896,2010-11-05,171.070007
2897,2010-11-08,169.199997
2898,2010-11-09,166.550003
2899,2010-11-10,167.220001
2900,2010-11-11,167.71000700000002
2901,2010-11-12,165.830002
2902,2010-11-15,167.220001
2903,2010-11-16,165.100006
2904,2010-11-17,164.889999
2905,2010-11-18,167.350006
2906,2010-11-19,166.669998
2907,2010-11-22,161.050003
2908,2010-11-23,157.779999
2909,2010-11-24,160.259995
2910,2010-11-26,158.220001
2911,2010-11-29,159.279999
2912,2010-11-30,156.139999
2913,2010-12-01,158.449997
2914,2010-12-02,162.5
2915,2010-12-03,162.309998
2916,2010-12-06,162.649994
2917,2010-12-07,161.58999599999999
2918,2010-12-08,166.139999
2919,2010-12-09,166.449997
2920,2010-12-10,168.470001
2921,2010-12-13,169.479996
2922,2010-12-14,167.330002
2923,2010-12-15,165.21000700000002
2924,2010-12-16,164.46000700000002
2925,2010-12-17,164.03999299999998
2926,2010-12-20,166.050003
2927,2010-12-21,168.229996
2928,2010-12-22,169.600006
2929,2010-12-23,167.600006
2930,2010-12-27,169.830002
2931,2010-12-28,169.190002
2932,2010-12-29,167.630005
2933,2010-12-30,167.639999
2934,2010-12-31,168.16000400000001
2935,2011-01-03,173.050003
2936,2011-01-04,173.080002
2937,2011-01-05,174.0
2938,2011-01-06,172.21000700000002
2939,2011-01-07,170.690002
2940,2011-01-10,169.759995
2941,2011-01-11,169.360001
2942,2011-01-12,171.669998
2943,2011-01-13,171.570007
2944,2011-01-14,175.0
2945,2011-01-18,174.679993
2946,2011-01-19,166.490005
2947,2011-01-20,165.690002
2948,2011-01-21,166.199997
2949,2011-01-24,166.300003
2950,2011-01-25,161.979996
2951,2011-01-26,161.309998
2952,2011-01-27,164.029999
2953,2011-01-28,161.770004
2954,2011-01-31,163.619995
2955,2011-02-01,165.330002
2956,2011-02-02,165.050003
2957,2011-02-03,164.639999
2958,2011-02-04,164.830002
2959,2011-02-07,167.130005
2960,2011-02-08,168.550003
2961,2011-02-09,166.009995
2962,2011-02-10,165.33999599999999
2963,2011-02-11,166.66000400000001
2964,2011-02-14,167.520004
2965,2011-02-15,167.91000400000001
2966,2011-02-16,168.809998
2967,2011-02-17,167.16000400000001
2968,2011-02-18,168.03999299999998
2969,2011-02-22,162.940002
2970,2011-02-23,163.08999599999999
2971,2011-02-24,163.440002
2972,2011-02-25,165.119995
2973,2011-02-28,163.779999
2974,2011-03-01,161.309998
2975,2011-03-02,161.690002
2976,2011-03-03,164.490005
2977,2011-03-04,161.0
2978,2011-03-07,159.149994
2979,2011-03-08,161.300003
2980,2011-03-09,162.350006
2981,2011-03-10,160.270004
2982,2011-03-11,160.679993
2983,2011-03-14,158.429993
2984,2011-03-15,157.25
2985,2011-03-16,154.380005
2986,2011-03-17,155.75
2987,2011-03-18,159.96000700000002
2988,2011-03-21,160.21000700000002
2989,2011-03-22,160.78999299999998
2990,2011-03-23,159.529999
2991,2011-03-24,159.91000400000001
2992,2011-03-25,157.970001
2993,2011-03-28,156.470001
2994,2011-03-29,158.470001
2995,2011-03-30,159.070007
2996,2011-03-31,158.600006
2997,2011-04-01,160.229996
2998,2011-04-04,158.899994
2999,2011-04-05,158.91000400000001
3000,2011-04-06,161.889999
3001,2011-04-07,162.399994
3002,2011-04-08,160.96000700000002
3003,2011-04-11,161.470001
3004,2011-04-12,160.419998
3005,2011-04-13,160.169998
3006,2011-04-14,155.78999299999998
3007,2011-04-15,155.130005
3008,2011-04-18,153.779999
3009,2011-04-19,151.860001
3010,2011-04-20,152.699997
3011,2011-04-21,153.509995
3012,2011-04-25,152.190002
3013,2011-04-26,153.270004
3014,2011-04-27,152.860001
3015,2011-04-28,150.600006
3016,2011-04-29,151.009995
3017,2011-05-02,151.300003
3018,2011-05-03,151.869995
3019,2011-05-04,151.520004
3020,2011-05-05,150.41000400000001
3021,2011-05-06,150.100006
3022,2011-05-09,149.119995
3023,2011-05-10,150.399994
3024,2011-05-11,147.880005
3025,2011-05-12,142.75
3026,2011-05-13,141.46000700000002
3027,2011-05-16,140.600006
3028,2011-05-17,140.809998
3029,2011-05-18,140.83999599999999
3030,2011-05-19,139.33999599999999
3031,2011-05-20,134.990005
3032,2011-05-23,135.83999599999999
3033,2011-05-24,136.33999599999999
3034,2011-05-25,136.240005
3035,2011-05-26,136.259995
3036,2011-05-27,138.66000400000001
3037,2011-05-31,140.729996
3038,2011-06-01,136.169998
3039,2011-06-02,134.380005
3040,2011-06-03,135.330002
3041,2011-06-06,133.899994
3042,2011-06-07,132.990005
3043,2011-06-08,131.58999599999999
3044,2011-06-09,133.529999
3045,2011-06-10,135.919998
3046,2011-06-13,137.529999
3047,2011-06-14,137.100006
3048,2011-06-15,134.850006
3049,2011-06-16,136.08999599999999
3050,2011-06-17,137.229996
3051,2011-06-20,135.139999
3052,2011-06-21,135.96000700000002
3053,2011-06-22,134.520004
3054,2011-06-23,132.360001
3055,2011-06-24,130.91000400000001
3056,2011-06-27,130.71000700000002
3057,2011-06-28,129.259995
3058,2011-06-29,132.529999
3059,2011-06-30,133.08999599999999
3060,2011-07-01,136.649994
3061,2011-07-05,134.5
3062,2011-07-06,133.889999
3063,2011-07-07,135.009995
3064,2011-07-08,134.080002
3065,2011-07-11,132.020004
3066,2011-07-12,130.309998
3067,2011-07-13,129.919998
3068,2011-07-14,129.889999
3069,2011-07-15,130.16000400000001
3070,2011-07-18,129.330002
3071,2011-07-19,128.490005
3072,2011-07-20,132.75
3073,2011-07-21,135.580002
3074,2011-07-22,135.490005
3075,2011-07-25,136.850006
3076,2011-07-26,137.600006
3077,2011-07-27,134.720001
3078,2011-07-28,135.83999599999999
3079,2011-07-29,134.970001
3080,2011-08-01,134.149994
3081,2011-08-02,131.229996
3082,2011-08-03,132.080002
3083,2011-08-04,126.230003
3084,2011-08-05,125.18
3085,2011-08-08,117.660004
3086,2011-08-09,122.730003
3087,2011-08-10,110.339996
3088,2011-08-11,118.099998
3089,2011-08-12,116.470001
3090,2011-08-15,119.129997
3091,2011-08-16,116.870003
3092,2011-08-17,117.25
3093,2011-08-18,113.139999
3094,2011-08-19,111.760002
3095,2011-08-22,106.510002
3096,2011-08-23,106.860001
3097,2011-08-24,110.309998
3098,2011-08-25,109.839996
3099,2011-08-26,111.75
3100,2011-08-29,116.07
3101,2011-08-30,115.18
3102,2011-08-31,116.220001
3103,2011-09-01,112.160004
3104,2011-09-02,107.059998
3105,2011-09-06,104.559998
3106,2011-09-07,108.339996
3107,2011-09-08,104.790001
3108,2011-09-09,102.25
3109,2011-09-12,102.91999799999999
3110,2011-09-13,104.089996
3111,2011-09-14,104.540001
3112,2011-09-15,107.970001
3113,2011-09-16,107.489998
3114,2011-09-19,104.809998
3115,2011-09-20,102.610001
3116,2011-09-21,97.860001
3117,2011-09-22,93.980003
3118,2011-09-23,95.18
3119,2011-09-26,99.139999
3120,2011-09-27,99.550003
3121,2011-09-28,96.32
3122,2011-09-29,99.870003
3123,2011-09-30,94.550003
3124,2011-10-03,90.08000200000001
3125,2011-10-04,94.58000200000001
3126,2011-10-05,94.290001
3127,2011-10-06,97.93
3128,2011-10-07,92.690002
3129,2011-10-10,96.139999
3130,2011-10-11,96.699997
3131,2011-10-12,99.110001
3132,2011-10-13,96.150002
3133,2011-10-14,96.730003
3134,2011-10-17,96.900002
3135,2011-10-18,102.25
3136,2011-10-19,100.790001
3137,2011-10-20,100.860001
3138,2011-10-21,102.089996
3139,2011-10-24,103.980003
3140,2011-10-25,100.440002
3141,2011-10-26,106.33000200000001
3142,2011-10-27,116.400002
3143,2011-10-28,115.860001
3144,2011-10-31,109.550003
3145,2011-11-01,103.540001
3146,2011-11-02,106.129997
3147,2011-11-03,107.68
3148,2011-11-04,105.040001
3149,2011-11-07,105.57
3150,2011-11-08,108.58000200000001
3151,2011-11-09,99.66999799999999
3152,2011-11-10,99.5
3153,2011-11-11,101.660004
3154,2011-11-14,99.290001
3155,2011-11-15,99.75
3156,2011-11-16,95.599998
3157,2011-11-17,92.349998
3158,2011-11-18,91.910004
3159,2011-11-21,91.300003
3160,2011-11-22,89.400002
3161,2011-11-23,87.889999
3162,2011-11-25,88.75
3163,2011-11-28,90.779999
3164,2011-11-29,88.809998
3165,2011-11-30,95.860001
3166,2011-12-01,94.43
3167,2011-12-02,97.25
3168,2011-12-05,99.82
3169,2011-12-06,101.160004
3170,2011-12-07,105.129997
3171,2011-12-08,99.91999799999999
3172,2011-12-09,101.449997
3173,2011-12-12,98.029999
3174,2011-12-13,95.040001
3175,2011-12-14,93.25
3176,2011-12-15,91.900002
3177,2011-12-16,90.099998
3178,2011-12-19,87.699997
3179,2011-12-20,90.980003
3180,2011-12-21,92.0
3181,2011-12-22,94.41999799999999
3182,2011-12-23,93.790001
3183,2011-12-27,91.900002
3184,2011-12-28,90.120003
3185,2011-12-29,91.010002
3186,2011-12-30,90.43
3187,2012-01-03,95.360001
3188,2012-01-04,94.739998
3189,2012-01-05,94.58000200000001
3190,2012-01-06,93.41999799999999
3191,2012-01-09,94.690002
3192,2012-01-10,98.33000200000001
3193,2012-01-11,99.760002
3194,2012-01-12,101.209999
3195,2012-01-13,98.959999
3196,2012-01-17,97.68
3197,2012-01-18,104.309998
3198,2012-01-19,107.68
3199,2012-01-20,108.739998
3200,2012-01-23,108.190002
3201,2012-01-24,108.870003
3202,2012-01-25,108.269997
3203,2012-01-26,108.559998
3204,2012-01-27,111.769997
3205,2012-01-30,109.730003
3206,2012-01-31,111.470001
3207,2012-02-01,113.449997
3208,2012-02-02,113.389999
3209,2012-02-03,117.529999
3210,2012-02-06,117.389999
3211,2012-02-07,115.980003
3212,2012-02-08,116.150002
3213,2012-02-09,115.879997
3214,2012-02-10,114.120003
3215,2012-02-13,114.529999
3216,2012-02-14,112.870003
3217,2012-02-15,113.16999799999999
3218,2012-02-16,114.739998
3219,2012-02-17,115.910004
3220,2012-02-21,116.629997
3221,2012-02-22,114.360001
3222,2012-02-23,115.800003
3223,2012-02-24,115.870003
3224,2012-02-27,116.230003
3225,2012-02-28,117.110001
3226,2012-02-29,115.139999
3227,2012-03-01,121.129997
3228,2012-03-02,119.959999
3229,2012-03-05,118.629997
3230,2012-03-06,113.66999799999999
3231,2012-03-07,116.400002
3232,2012-03-08,117.16999799999999
3233,2012-03-09,117.290001
3234,2012-03-12,116.989998
3235,2012-03-13,124.540001
3236,2012-03-14,120.370003
3237,2012-03-15,123.059998
3238,2012-03-16,122.93
3239,2012-03-19,124.300003
3240,2012-03-20,126.019997
3241,2012-03-21,125.989998
3242,2012-03-22,124.739998
3243,2012-03-23,126.18
3244,2012-03-26,128.070007
3245,2012-03-27,126.33000200000001
3246,2012-03-28,126.360001
3247,2012-03-29,123.760002
3248,2012-03-30,124.370003
3249,2012-04-02,124.900002
3250,2012-04-03,122.709999
3251,2012-04-04,119.959999
3252,2012-04-05,118.0
3253,2012-04-09,117.019997
3254,2012-04-10,114.559998
3255,2012-04-11,115.93
3256,2012-04-12,120.389999
3257,2012-04-13,115.089996
3258,2012-04-16,117.730003
3259,2012-04-17,116.860001
3260,2012-04-18,115.33000200000001
3261,2012-04-19,113.599998
3262,2012-04-20,112.440002
3263,2012-04-23,111.75
3264,2012-04-24,114.110001
3265,2012-04-25,113.980003
3266,2012-04-26,114.559998
3267,2012-04-27,114.410004
3268,2012-04-30,115.150002
3269,2012-05-01,115.33000200000001
3270,2012-05-02,113.769997
3271,2012-05-03,111.529999
3272,2012-05-04,108.989998
3273,2012-05-07,110.040001
3274,2012-05-08,109.370003
3275,2012-05-09,107.290001
3276,2012-05-10,106.32
3277,2012-05-11,102.129997
3278,2012-05-14,99.769997
3279,2012-05-15,99.870003
3280,2012-05-16,98.199997
3281,2012-05-17,97.08000200000001
3282,2012-05-18,95.489998
3283,2012-05-21,96.510002
3284,2012-05-22,97.529999
3285,2012-05-23,98.040001
3286,2012-05-24,96.860001
3287,2012-05-25,96.699997
3288,2012-05-29,97.860001
3289,2012-05-30,94.610001
3290,2012-05-31,95.699997
3291,2012-06-01,92.639999
3292,2012-06-04,91.0
3293,2012-06-05,92.209999
3294,2012-06-06,94.959999
3295,2012-06-07,94.0
3296,2012-06-08,94.540001
3297,2012-06-11,92.800003
3298,2012-06-12,94.040001
3299,2012-06-13,92.720001
3300,2012-06-14,93.82
3301,2012-06-15,95.660004
3302,2012-06-18,93.629997
3303,2012-06-19,96.370003
3304,2012-06-20,96.550003
3305,2012-06-21,93.900002
3306,2012-06-22,93.629997
3307,2012-06-25,91.220001
3308,2012-06-26,91.029999
3309,2012-06-27,93.269997
3310,2012-06-28,93.489998
3311,2012-06-29,95.860001
3312,2012-07-02,97.129997
3313,2012-07-03,98.599998
3314,2012-07-05,95.91999799999999
3315,2012-07-06,95.470001
3316,2012-07-09,94.470001
3317,2012-07-10,94.25
3318,2012-07-11,95.129997
3319,2012-07-12,94.019997
3320,2012-07-13,97.43
3321,2012-07-16,97.68
3322,2012-07-17,97.980003
3323,2012-07-18,96.510002
3324,2012-07-19,95.0
3325,2012-07-20,94.160004
3326,2012-07-23,93.160004
3327,2012-07-24,94.470001
3328,2012-07-25,95.959999
3329,2012-07-26,98.059998
3330,2012-07-27,101.639999
3331,2012-07-30,100.879997
3332,2012-07-31,100.900002
3333,2012-08-01,100.089996
3334,2012-08-02,97.809998
3335,2012-08-03,100.980003
3336,2012-08-06,102.019997
3337,2012-08-07,103.239998
3338,2012-08-08,102.5
3339,2012-08-09,103.599998
3340,2012-08-10,103.019997
3341,2012-08-13,103.610001
3342,2012-08-14,103.260002
3343,2012-08-15,103.129997
3344,2012-08-16,103.489998
3345,2012-08-17,103.599998
3346,2012-08-20,105.279999
3347,2012-08-21,105.32
3348,2012-08-22,104.66999799999999
3349,2012-08-23,104.08000200000001
3350,2012-08-24,104.959999
3351,2012-08-27,105.120003
3352,2012-08-28,105.029999
3353,2012-08-29,105.529999
3354,2012-08-30,104.720001
3355,2012-08-31,105.720001
3356,2012-09-04,106.410004
3357,2012-09-05,109.940002
3358,2012-09-06,113.540001
3359,2012-09-07,116.33000200000001
3360,2012-09-10,114.68
3361,2012-09-11,116.690002
3362,2012-09-12,118.239998
3363,2012-09-13,120.66999799999999
3364,2012-09-14,121.360001
3365,2012-09-17,119.900002
3366,2012-09-18,119.879997
3367,2012-09-19,119.019997
3368,2012-09-20,117.629997
3369,2012-09-21,116.720001
3370,2012-09-24,116.599998
3371,2012-09-25,113.5
3372,2012-09-26,113.08000200000001
3373,2012-09-27,115.230003
3374,2012-09-28,113.68
3375,2012-10-01,116.860001
3376,2012-10-02,117.25
3377,2012-10-03,117.910004
3378,2012-10-04,119.900002
3379,2012-10-05,119.309998
3380,2012-10-08,119.459999
3381,2012-10-09,119.629997
3382,2012-10-10,120.08000200000001
3383,2012-10-11,121.989998
3384,2012-10-12,120.199997
3385,2012-10-15,124.5
3386,2012-10-16,123.220001
3387,2012-10-17,124.91999799999999
3388,2012-10-18,125.150002
3389,2012-10-19,123.620003
3390,2012-10-22,122.769997
3391,2012-10-23,119.0
3392,2012-10-24,119.769997
3393,2012-10-25,119.720001
3394,2012-10-26,119.440002
3395,2012-10-31,122.389999
3396,2012-11-01,124.849998
3397,2012-11-02,123.25
3398,2012-11-05,124.08000200000001
3399,2012-11-06,126.25
3400,2012-11-07,117.980003
3401,2012-11-08,115.269997
3402,2012-11-09,116.150002
3403,2012-11-12,117.239998
3404,2012-11-13,116.470001
3405,2012-11-14,114.239998
3406,2012-11-15,115.440002
3407,2012-11-16,115.839996
3408,2012-11-19,118.300003
3409,2012-11-20,118.089996
3410,2012-11-21,117.699997
3411,2012-11-23,120.309998
3412,2012-11-26,120.940002
3413,2012-11-27,118.410004
3414,2012-11-28,119.33000200000001
3415,2012-11-29,118.730003
3416,2012-11-30,117.790001
3417,2012-12-03,118.400002
3418,2012-12-04,116.58000200000001
3419,2012-12-05,117.129997
3420,2012-12-06,117.199997
3421,2012-12-07,116.57
3422,2012-12-10,117.010002
3423,2012-12-11,118.860001
3424,2012-12-12,118.089996
3425,2012-12-13,118.5
3426,2012-12-14,119.360001
3427,2012-12-17,123.489998
3428,2012-12-18,127.769997
3429,2012-12-19,127.25
3430,2012-12-20,129.720001
3431,2012-12-21,128.440002
3432,2012-12-24,127.540001
3433,2012-12-26,127.160004
3434,2012-12-27,126.66999799999999
3435,2012-12-28,125.519997
3436,2012-12-31,127.559998
3437,2013-01-02,131.66000400000001
3438,2013-01-03,130.940002
3439,2013-01-04,134.509995
3440,2013-01-07,134.259995
3441,2013-01-08,133.050003
3442,2013-01-09,134.320007
3443,2013-01-10,137.369995
3444,2013-01-11,137.130005
3445,2013-01-14,136.130005
3446,2013-01-15,135.58999599999999
3447,2013-01-16,141.08999599999999
3448,2013-01-17,141.009995
3449,2013-01-18,144.449997
3450,2013-01-22,145.949997
3451,2013-01-23,145.559998
3452,2013-01-24,144.96000700000002
3453,2013-01-25,144.46000700000002
3454,2013-01-28,144.149994
3455,2013-01-29,147.100006
3456,2013-01-30,147.149994
3457,2013-01-31,147.860001
3458,2013-02-01,149.899994
3459,2013-02-04,147.520004
3460,2013-02-05,150.449997
3461,2013-02-06,151.119995
3462,2013-02-07,150.259995
3463,2013-02-08,151.600006
3464,2013-02-11,152.240005
3465,2013-02-12,154.110001
3466,2013-02-13,154.520004
3467,2013-02-14,155.929993
3468,2013-02-15,154.990005
3469,2013-02-19,158.649994
3470,2013-02-20,155.179993
3471,2013-02-21,150.880005
3472,2013-02-22,154.08999599999999
3473,2013-02-25,147.649994
3474,2013-02-26,148.0
3475,2013-02-27,151.649994
3476,2013-02-28,149.759995
3477,2013-03-01,150.529999
3478,2013-03-04,152.179993
3479,2013-03-05,152.96000700000002
3480,2013-03-06,154.130005
3481,2013-03-07,156.619995
3482,2013-03-08,152.979996
3483,2013-03-11,153.300003
3484,2013-03-12,151.850006
3485,2013-03-13,151.91000400000001
3486,2013-03-14,154.020004
3487,2013-03-15,154.83999599999999
3488,2013-03-18,151.949997
3489,2013-03-19,148.83999599999999
3490,2013-03-20,150.130005
3491,2013-03-21,145.380005
3492,2013-03-22,146.600006
3493,2013-03-25,146.110001
3494,2013-03-26,146.53999299999998
3495,2013-03-27,147.83999599999999
3496,2013-03-28,147.149994
3497,2013-04-01,146.03999299999998
3498,2013-04-02,146.679993
3499,2013-04-03,143.41000400000001
3500,2013-04-04,142.990005
3501,2013-04-05,143.690002
3502,2013-04-08,143.820007
3503,2013-04-09,146.520004
3504,2013-04-10,149.46000700000002
3505,2013-04-11,149.070007
3506,2013-04-12,149.119995
3507,2013-04-15,146.46000700000002
3508,2013-04-16,144.100006
3509,2013-04-17,140.600006
3510,2013-04-18,138.600006
3511,2013-04-19,138.720001
3512,2013-04-22,139.520004
3513,2013-04-23,142.940002
3514,2013-04-24,143.929993
3515,2013-04-25,144.759995
3516,2013-04-26,144.110001
3517,2013-04-29,145.110001
3518,2013-04-30,146.070007
3519,2013-05-01,142.610001
3520,2013-05-02,143.669998
3521,2013-05-03,145.369995
3522,2013-05-06,148.449997
3523,2013-05-07,149.320007
3524,2013-05-08,150.259995
3525,2013-05-09,148.53999299999998
3526,2013-05-10,149.100006
3527,2013-05-13,149.630005
3528,2013-05-14,154.520004
3529,2013-05-15,155.610001
3530,2013-05-16,154.470001
3531,2013-05-17,158.179993
3532,2013-05-20,158.899994
3533,2013-05-21,160.729996
3534,2013-05-22,159.33999599999999
3535,2013-05-23,157.41000400000001
3536,2013-05-24,158.720001
3537,2013-05-28,160.699997
3538,2013-05-29,162.869995
3539,2013-05-30,164.350006
3540,2013-05-31,162.080002
3541,2013-06-03,163.559998
3542,2013-06-04,161.679993
3543,2013-06-05,158.300003
3544,2013-06-06,159.679993
3545,2013-06-07,166.009995
3546,2013-06-10,167.490005
3547,2013-06-11,163.309998
3548,2013-06-12,161.860001
3549,2013-06-13,165.820007
3550,2013-06-14,162.919998
3551,2013-06-17,164.110001
3552,2013-06-18,164.149994
3553,2013-06-19,161.559998
3554,2013-06-20,155.41000400000001
3555,2013-06-21,154.25
3556,2013-06-24,150.779999
3557,2013-06-25,153.059998
3558,2013-06-26,151.66000400000001
3559,2013-06-27,153.509995
3560,2013-06-28,151.25
3561,2013-07-01,151.75
